Title,Author,ISBN,My Rating,Date Read,Exclusive Shelf
Przedświt,Chelsea Quinn Yarbro,8385060065,,,"Chcę przeczytać, TBR"
Lód,Anna Kavan,9788368191615,,,"Chcę przeczytać, TBR"
Czas przemian,Robert Silverberg,8385202609,,,"Chcę przeczytać, Buylist, TBR"
Wampirze cesarstwo,Jay Kristoff,9788367793384,,,"Teraz czytam, Posiadam"
Front burzowy,Jim Butcher,9788374802253,7,2026-06-02,"Przeczytane, Audiobook"
Podniebna krucjata,Poul Anderson,9788383384238,6,2026-05-30,"Przeczytane, Posiadam"
Wyjście z cienia,Janusz A. Zajdel,9788370541934,7,2026-05-30,"Przeczytane, Z biblioteki"
Blade Runner,Philip K. Dick,8374692316,,,"Chcę przeczytać, Posiadam"
Po piśmie,Jacek Dukaj,9788308069998,8,2026-05-29,"Przeczytane, Audiobook"
Mieć i nie mieć,Ernest Hemingway,9788368753240,8,2026-05-28,"Przeczytane, Posiadam"
Słuchaj pieśni wiatru. Flipper roku 1973,Haruki Murakami,9788328733329,,,"Chcę przeczytać, Posiadam"
Bezbarwny Tsukuru Tazaki i lata jego pielgrzymstwa,Haruki Murakami,9788328733268,,,"Chcę przeczytać, Posiadam"
Gaijin,Arkady Saulski,,5,2026-05-28,"Przeczytane, Audiobook"
Opowieści niesamowite z języka japońskiego,Kenzaburō Ōe,9788381969796,,,"Chcę przeczytać, Posiadam"
Wojna starego człowieka,John Scalzi,9788374181792,7,2024,"Przeczytane, Z biblioteki"
Oko potwora,Jacek Dukaj,9788308089019,,,"Teraz czytam, Z biblioteki"
Dławiący horror. Zbiór opowiadań grozy,Robert E. Howard,9788383358253,,,"Chcę przeczytać, Posiadam"
Judasz wyzwolony: Pościg,Peter F. Hamilton,9788375064346,8,2026-05-25,"Przeczytane, Posiadam"
Butcher’s Crossing,John Williams,9788368180794,,,"Chcę przeczytać, Posiadam"
Wbrew wskazówkom zegara,Philip K. Dick,9788378184768,,,"Teraz czytam, Z biblioteki"
Świat Jonesa,Philip K. Dick,9788378184539,,,"Chcę przeczytać, Posiadam"
Powrót,Stanisław Lem,9788308088623,9,2026-05-23,"Przeczytane, Z biblioteki"
Wśród umarłych,Stanisław Lem,9788308086117,8,2026-05-20,"Przeczytane, Z biblioteki"
Katar,Stanisław Lem,8308029310,7,2026-05-18,"Przeczytane, Z biblioteki"
Solaris,Stanisław Lem,9788365864611,8,2026-05-18,"Przeczytane, Audiobook"
Cylinder van Troffa,Janusz A. Zajdel,9788375780031,,,"Teraz czytam, Z biblioteki"
Baśnie,Hermann Hesse,9788397750920,,,"Chcę przeczytać, Posiadam"
Słoneczna loteria,Philip K. Dick,9788380624719,7,2026-05-15,"Przeczytane, Posiadam"
Dzienniki gwiazdowe,Stanisław Lem,,7,2026-05-13,"Przeczytane, Audiobook"
Klany księżyca Alfy,Philip K. Dick,9788381884976,,,"Chcę przeczytać, Posiadam"
Extensa,Jacek Dukaj,9788308042,8,2026-05-12,"Przeczytane, Z biblioteki"
Astronauci,Stanisław Lem,9788308063620,,,"Chcę przeczytać, Posiadam"
Eden,Stanisław Lem,9788308061749,,,"Chcę przeczytać, Posiadam"
Krew elfów,Andrzej Sapkowski,,5,2026-05-11,"Przeczytane, Audiobook"
Fiasko,Stanisław Lem,9788308063507,,,"Chcę przeczytać, Posiadam"
Człowiek z Marsa,Stanisław Lem,9788308063613,7,2026-05-10,"Przeczytane, Posiadam"
Syriusz,Olaf Stapledon,,,,"Chcę przeczytać, Posiadam"
Obłok Magellana,Stanisław Lem,9788308086957,,,"Chcę przeczytać, Posiadam"
Powrót z gwiazd,Stanisław Lem,,10,2026-05-08,"Przeczytane, Audiobook"
Pierwszych piętnaście żywotów Harry'ego Augusta,Claire North,9788379437924,,,"Chcę przeczytać, Posiadam"
Droga zimnego serca,Glen Cook,9788378187066,,,"Chcę przeczytać, Posiadam"
Malte. Zapiski Maltego Lauridsa Brigge,Rainer Maria Rilke,9788379985975,,,"Chcę przeczytać, Posiadam"
Drood,Dan Simmons,9788367023061,,,"Chcę przeczytać, Posiadam"
Pradawna stolica,Michael James Sullivan,9788368591415,,,"Chcę przeczytać, Posiadam"
Zdradziecki plan,Michael James Sullivan,9788368591408,,,"Chcę przeczytać, Posiadam"
Miecz przeznaczenia,Andrzej Sapkowski,9788375781915,8,2026-05-03,"Przeczytane, Audiobook"
Szpital Przemienienia,Stanisław Lem,8375524093,9,2026-05-02,"Przeczytane, Z biblioteki"
Drugie spojrzenie na planetę Ksi,Janusz A. Zajdel,9788375780703,,,"Teraz czytam, E-book"
Cała prawda o planecie Ksi. Drugie spojrzenie na planetę Ksi,Janusz A. Zajdel,9788366817074,8,2026-05-02,"Przeczytane, Audiobook"
Fantastyczna podróż,Isaac Asimov,9788383384382,,,"Chcę przeczytać, Posiadam"
Ogród Suldrun,Jack Vance,9788384080382,,,"Chcę przeczytać, Posiadam"
Kane - Era upadłych imperiów,Karl Edward Wagner,9788384080160,,,"Chcę przeczytać, Posiadam"
Wiedźmin. Ostatnie życzenie,Andrzej Sapkowski,9788375781908,8,2026-04-29,"Przeczytane, Audiobook"
Limes inferior,Janusz A. Zajdel,9788360313398,9,2026-04-29,"Przeczytane, Audiobook"
Judasz wyzwolony: Śledztwo,Peter F. Hamilton,9788375063448,8,2026-04-26,"Przeczytane, Posiadam"
Niezwyciężony,Stanisław Lem,9788308060377,,,"Teraz czytam, Posiadam"
Lux Perpetua,Andrzej Sapkowski,9788375780499,9,2026-04-24,"Przeczytane, Audiobook"
Czerwony kwiecień,Santiago Roncagliolo,9788368295870,,,"Chcę przeczytać, Posiadam"
Boży bojownicy,Andrzej Sapkowski,9788375780482,9,2026-04-19,"Przeczytane, Audiobook"
Nasz człowiek w Hawanie,Graham Greene,9788375081916,,,"Chcę przeczytać, Z biblioteki, TBR"
Notatki z podziemia,Fiodor Dostojewski,9788379985272,,,"Chcę przeczytać, Posiadam"
Synowie,Pearl S. Buck,9788377580110,,,"Chcę przeczytać, Posiadam"
Klejnoty koronne,Walter Jon Williams,83-87968-07-2,,,"Chcę przeczytać, Posiadam"
Narrenturm,Andrzej Sapkowski,9788391315637,10,2026-04-14,"Przeczytane, Audiobook"
Diuna,Frank Herbert,9788375109344,9,2026-04-09,"Przeczytane, Audiobook"
Wrota Abaddona,James S.A. Corey,9788366065031,,,"Chcę przeczytać, Posiadam"
Wolność pod ostrzałem,Ron Paul,978-83-81344-04-9,,,"Chcę przeczytać, Posiadam"
Krwawy las,Geraint Jones,9788380623279,,,"Chcę przeczytać, Posiadam"
Książę cierni,Mark Lawrence,9788383752242,,,"Chcę przeczytać, Buylist"
Bractwo Róży,David Morrell,,5,2026-04-02,"Przeczytane, Audiobook"
Gertruda,Hermann Hesse,9788380086838,,,"Chcę przeczytać, Posiadam"
Podróż na wschód,Hermann Hesse,9788380086234,,,"Chcę przeczytać, Posiadam"
Cesarstwo świtu,Jay Kristoff,9788368591446,,,"Chcę przeczytać, Posiadam"
Gwiazdozbiór Psa,Peter Heller,9788368337020,,,"Chcę przeczytać, Posiadam"
Legenda,David Gemmell,9788377190067,,,"Chcę przeczytać, Buylist"
Nigdy,Ken Follett,9788382157734,6,2026-03-29,"Przeczytane, Audiobook"
Śmierć w dzielnicy weneckiej,Alan Gordon,9788375102093,,,"Chcę przeczytać, Posiadam"
Błazen wkracza na scenę,Alan Gordon,9788375102086,,,"Chcę przeczytać, Posiadam"
Trzynasta noc,Alan Gordon,8375102079,,,"Chcę przeczytać, Posiadam"
Świt po bitwie,Marcin Mortka,9788389595348,,,"Chcę przeczytać, Posiadam"
Noc szpilek,Santiago Roncagliolo,9788367515542,9,2026-03-23,"Przeczytane, Z biblioteki"
Gwiazda zaranna,Pierce Brown,9788368240139,,,"Chcę przeczytać, Posiadam"
Kasztanek. Perła,John Steinbeck,9788383912462,,,"Chcę przeczytać, Posiadam"
Król w Żółci,Robert W. Chambers,9788374702959,8,2026-03-22,"Przeczytane, Posiadam"
Gwiazda Pandory: Inwazja,Peter F. Hamilton,9788375062397,8,2026-03-20,"Przeczytane, Posiadam"
Pieśń łuków. Azincourt,Bernard Cornwell,9788360040904,,,"Chcę przeczytać, Posiadam"
Kain,José Saramago,9788378184157,,,"Chcę przeczytać, Posiadam"
Troje szalbierzy,Arthur Machen,9788374703611,,,"Chcę przeczytać, Posiadam"
Virion. Pustynia,Andrzej Ziemiański,9788379647996,6,2026-03-17,"Przeczytane, Audiobook"
Powrót do Whorla,Gene Wolfe,9788374800624,,,"Chcę przeczytać, Buylist"
W dżunglach zieleni,Gene Wolfe,9788374800280,,,"Chcę przeczytać, Buylist"
Na wodach Błękitu,Gene Wolfe,8389004526,,,"Chcę przeczytać, Buylist"
Gwiazda Pandory: Ekspedycja,Peter F. Hamilton,9788375062380,8,2026-03-12,"Przeczytane, Posiadam"
Non stop,Brian W. Aldiss,,8,,"Przeczytane, Posiadam"
Dungeon Crawler Carl,Matt Dinniman,,,,"Chcę przeczytać, Posiadam"
Sokół spartański,Conn Iggulden,9788380625037,,,"Chcę przeczytać, Posiadam"
Czerwony rycerz,Miles Cameron,,,,"Chcę przeczytać, Posiadam"
Religia,Tim Willocks,,,,"Chcę przeczytać, Posiadam"
Inne światy,Arthur Machen,,,,"Chcę przeczytać, Posiadam"
Virion. Zamek,Andrzej Ziemiański,,6,2026-03-10,"Przeczytane, Audiobook"
Bogobójca,Simon R. Green,8372985987,,,"Chcę przeczytać, Posiadam"
Zwycięzca bierze wszystko,Simon R. Green,8372985952,,,"Chcę przeczytać, Posiadam"
Hawk i Fisher,Simon R. Green,8372985057,,,"Chcę przeczytać, Posiadam"
Martwe dusze,Mikołaj Gogol,,,,"Chcę przeczytać, Posiadam"
Pieśń krwi,Greg Bear,9788384081501,,,"Chcę przeczytać, Posiadam"
Czarne góry,Dan Simmons,9788377314616,,,"Chcę przeczytać, Posiadam"
Człowiek w labiryncie,Robert Silverberg,9788377314999,8,2026-03-03,"Przeczytane, Posiadam"
Najsłynniejsze opowiadania,Hermann Hesse,9788380089709,,,"Chcę przeczytać, Posiadam"
Najpiękniejsze opowiadania,Hermann Hesse,9788382655377,,,"Chcę przeczytać, Posiadam"
Mikael Hakim,Mika Waltari,,8,2026-03-02,"Przeczytane, Audiobook"
Czarna chmura,Fred Hoyle,9788383381374,,,"Chcę przeczytać, Posiadam"
Lew,Conn Iggulden,,,,"Chcę przeczytać, Posiadam"
American Psycho,Bret Easton Ellis,,,,"Chcę przeczytać, Posiadam"
Wschód Księżyca,Ben Bova,,,,"Chcę przeczytać, Posiadam"
Powrót na Marsa,Ben Bova,,,,"Chcę przeczytać, Posiadam"
Jad Lorda Foula,Stephen R. Donaldson,,,,"Chcę przeczytać, Posiadam"
Podbój,Simon Scarrow,,,,"Chcę przeczytać, Posiadam"
Bardzo dziwny świat. Opowiadania fantastyczne,Fredric Brown,,7,2026-02-24,"Przeczytane, E-book"
Jedenaste przykazanie,Jeffrey Archer,,7,2026-02-21,"Przeczytane, Audiobook"
Opowiadania najlepsze,Harlan Ellison,9788383384344,,,"Chcę przeczytać, Posiadam"
Wygnanie i królestwo,Albert Camus,9788381967440,,,"Chcę przeczytać, Posiadam"
Szarady,Knut Hamsun,9788366839380,,,"Chcę przeczytać, Posiadam"
Major,Marcin Ciszewski,9788383291260,,,"Chcę przeczytać, Posiadam"
Hiob: Komedia sprawiedliwości,Robert A. Heinlein,9788380622234,,,"Chcę przeczytać, Posiadam"
Królewska krew,Michael James Sullivan,9788368591026,,,"Chcę przeczytać, Posiadam"
Opowieści o Bauchelainie i Korbalu Broachu. Tom 2,Steven Erikson,9788366712515,,,"Chcę przeczytać, Posiadam"
Wystawa okropności,J.G. Ballard,9788384320488,,,"Chcę przeczytać, Posiadam"
Robot,Adam Wiśniewski-Snerg,9788368295641,,,"Chcę przeczytać, Posiadam"
Upadek królów,David Gemmell,,8,2026-02-14,"Przeczytane, Z biblioteki"
Mikael Wędrowiec,Mika Waltari,9788367940375,8,2026-02-11,"Przeczytane, Audiobook"
Zabójca demonów,William King,,7,2026-02-03,"Przeczytane, Audiobook"
To nie jest kraj dla starych ludzi,Cormac McCarthy,,,,"Chcę przeczytać, Posiadam"
Imię róży,Umberto Eco,,,,"Chcę przeczytać, Posiadam"
Starożytny Egipt. Anatomia cywilizacji,Barry J. Kemp,,,,"Chcę przeczytać, Posiadam"
Zabójca Skavenów,William King,8386758198,7,2026-01-29,"Przeczytane, Posiadam, Audiobook"
Tarcza Gromu,David Gemmell,,8,2026-01-28,Przeczytane
Don Quixote,Miguel de Cervantes  y Saavedra,,,,"Chcę przeczytać, Posiadam"
Opowieści z Alhambry,Washington Irving,9788495856357,,,"Chcę przeczytać, Buylist"
Tak daleko od domu,Sebastian Barry,,,,"Chcę przeczytać, Buylist"
Gwiezdne dziedzictwo,James P. Hogan,,,,"Chcę przeczytać, Buylist, Appendix N"
Boża maszyneria,Jack McDevitt,8371806507,,,"Chcę przeczytać, Buylist, Appendix N"
"Sprawa Wagera. Opowieść o katastrofie, buncie i morderstwie",David Grann,9788383199719,,,"Chcę przeczytać, Buylist, Appendix N"
Pan Srebrnego Łuku,David Gemmell,9788373018235,8,2026-01-24,"Przeczytane, Z biblioteki"
Zabójca Trolli,William King,9788386758173,6,2026-01-24,"Przeczytane, Audiobook"
MUSASHI. Tom 6. Zwój oświecenia,Eiji Yoshikawa,9788389332769,,,"Chcę przeczytać, Posiadam"
MUSASHI. Tom 5. Zwój Dwóch Światów,Eiji Yoshikawa,9788389332752,,,"Chcę przeczytać, Posiadam"
MUSASHI. Tom 4. Zwój Pustki,Eiji Yoshikawa,9788389332745,,,"Chcę przeczytać, Posiadam"
MUSASHI. Tom 3. Zwój Wiatru,Eiji Yoshikawa,9788389332714,,,"Chcę przeczytać, Posiadam"
MUSASHI. Tom 2. Zwój Ognia,Eiji Yoshikawa,9788389332707,,,"Chcę przeczytać, Posiadam"
MUSASHI. Tom 1. Zwoje Ziemi i Wody,Eiji Yoshikawa,9788389332691,,,"Chcę przeczytać, Posiadam"
Miasto Skazane i inne utwory,Arkadij Strugacki,9788383910086,,,"Chcę przeczytać, Posiadam"
Okruchy dnia,Kazuo Ishiguro,,,,"Chcę przeczytać, Posiadam"
Biały szum,Don DeLillo,,,,"Chcę przeczytać, Posiadam"
Niebo ze stali. Opowieści z meekhańskiego pogranicza,Robert M. Wegner,,,,"Chcę przeczytać, Posiadam"
Baśń o wężowym sercu albo Wtóre słowo o Jakóbie Szeli,Radek Rak,,,,"Chcę przeczytać, Posiadam"
Złota pagoda,Yukio Mishima,9788306034271,,,"Chcę przeczytać, Posiadam"
Przeprawa,Cormac McCarthy,,,,"Chcę przeczytać, Posiadam"
Cień i Pazur,Gene Wolfe,,8,2026-01-08,"Przeczytane, Posiadam"
Pocałunek Judasza,Ryszard Ćwirlej,9788328730052,7,2026-01-08,"Przeczytane, Audiobook"
Milczenie jest srebrem,Ryszard Ćwirlej,,7,2026-01-02,"Przeczytane, Audiobook"
Żywe srebro. Tom 1,Neal Stephenson,8389004844,7,2025-12-31,"Przeczytane, Posiadam"
Wiosna Helikonii,Brian W. Aldiss,9788384080177,,,"Chcę przeczytać, Posiadam"
Okaleczony bóg,Steven Erikson,9788374804134,,,"Chcę przeczytać, Posiadam"
Agent 6,Tom Rob Smith,9788383619866,7,2025-12-25,"Przeczytane, Audiobook"
Krzywda,Paweł Rzewuski,9788368191646,,,"Chcę przeczytać, Posiadam"
Tajny referat,Tom Rob Smith,9788383619859,7,2025-12-19,"Przeczytane, Audiobook"
Prawda półostateczna,Philip K. Dick,9788383380353,,,"Chcę przeczytać, Posiadam"
Schronienie,William Faulkner,9788383677590,,,"Chcę przeczytać, Posiadam"
Zimne wybrzeża,Szczepan Twardoch,9788368549294,,,"Chcę przeczytać, Posiadam"
Tajemna historia,Donna Tartt,9788384270257,,,"Chcę przeczytać, Posiadam"
Opowieści z meekhańskiego pogranicza. Wschód - Zachód,Robert M. Wegner,9788361187455,,,"Chcę przeczytać, Posiadam"
Pazur Łagodziciela,Gene Wolfe,,,,"Chcę przeczytać, Posiadam"
Cień kata,Gene Wolfe,,8,2025-12-18,"Przeczytane, Posiadam"
Wieża Zielonego Anioła. Część 1,Tad Williams,9788375105643,,,"Chcę przeczytać, Posiadam"
Czyż nie dobija się koni?,Horace McCoy,,9,2025-12-13,"Przeczytane, Z biblioteki"
System,Tom Rob Smith,,8,2025-12-13,"Przeczytane, Audiobook"
Gambit,Maciej Siembieda,,7,2025-12-08,"Przeczytane, Audiobook"
Piąta głowa Cerbera,Gene Wolfe,8371804725,7,2025-12-07,"Przeczytane, Posiadam"
Dzieci ziemi i nieba,Guy Gavriel Kay,,,,"Chcę przeczytać, Posiadam"
Wędrująca Ziemia,Cixin Liu,,,,"Chcę przeczytać, Posiadam"
Kapitan Jamróz,Marcin Ciszewski,9788383297750,,,"Chcę przeczytać, Posiadam"
Głos z piekła,Marek Krajewski,9788383672519,,,"Chcę przeczytać, Posiadam"
Gołoborze,Maciej Siembieda,9788384278437,9,2025-11-30,"Przeczytane, Audiobook"
Reamde,Neal Stephenson,978-83-7480-257-4,,,"Chcę przeczytać, Posiadam"
Cienioryt,Krzysztof Piskorski,9788308052266,,,"Chcę przeczytać, Posiadam"
Centrum,Tom Clancy,,,,"Chcę przeczytać, Posiadam"
Zima w Edenie,Harry Harrison,8370750052,,,"Chcę przeczytać, Posiadam"
Na Zachodzie bez zmian,Erich Maria Remarque,9788375103908,9,2025-11-25,"Przeczytane, Posiadam"
Conan i Droga Królów,Karl Edward Wagner,8370823564,6,2025-11-24,"Przeczytane, Posiadam"
"Płyńcie łzy moje, rzekł policjant",Philip K. Dick,9788375109948,6,2025-11-21,"Przeczytane, Posiadam"
Królowie Wyldu,Nicholas Eames,,,,"Chcę przeczytać, Posiadam"
Cień bogów,John Gwynne,,,,"Chcę przeczytać, Posiadam"
20:32,Marcin Mortka,,3,2025-11-21,"Przeczytane, Audiobook"
Szmaragdowy sztorm,Michael James Sullivan,9788368591286,,,"Chcę przeczytać, Posiadam"
Matka noc,Kurt Vonnegut,,8,2025-11-18,"Przeczytane, Posiadam"
Valis,Philip K. Dick,,,,"Chcę przeczytać, Posiadam"
Ubik,Philip K. Dick,,,,"Chcę przeczytać, Posiadam"
W ciemność,Cormac McCarthy,9788374696432,8,2025-11-17,"Przeczytane, Posiadam"
Zabójcza pamięć,Ken Follett,,5,2025-11-15,"Przeczytane, Audiobook"
Kane - Bogowie w mroku,Karl Edward Wagner,,8,2025-11-15,"Przeczytane, Posiadam"
Czas poza czasem,Philip K. Dick,9788375108354,7,2025-11-14,"Przeczytane, Z biblioteki"
Nowe imperium,Michael James Sullivan,9788368591101,,,"Chcę przeczytać, Posiadam"
Oko na niebie,Philip K. Dick,8372450226,9,,"Przeczytane, Posiadam"
Oko na niebie,Philip K. Dick,8372450226,9,2025-11-12,"Przeczytane, Posiadam"
Człowiek z Wysokiego Zamku,Philip K. Dick,9788375105681,10,2025-11-11,"Przeczytane, Posiadam"
Orient,Maciej Siembieda,9788326844447,7,2025-11-09,"Przeczytane, Audiobook"
Wojna Złoziemnego Kamienia,Stephen R. Donaldson,8386530057,,,"Chcę przeczytać, Posiadam"
Tarcza Szerni,Feliks W. Kres,8389004984,,,"Chcę przeczytać, Posiadam"
Grombelardzka legenda. Serce gór,Feliks W. Kres,838796803X,,,"Chcę przeczytać, Posiadam"
"Zamek lorda Valentaine'a, tom 2",Robert Silverberg,8386669217,,,"Chcę przeczytać, Posiadam"
"Zamek lorda Valentaine'a, tom 1",Robert Silverberg,8386669217,,,"Chcę przeczytać, Posiadam"
Żywe srebro. Tom 3,Neal Stephenson,,,,"Chcę przeczytać, Posiadam"
Zamęt. Tom 1,Neal Stephenson,,,,"Chcę przeczytać, Posiadam"
Kłamca 4. Kill'em all,Jakub Ćwiek,9788375746877,,,"Chcę przeczytać, Posiadam"
Być może gwiazdy,Ada Palmer,,,,"Chcę przeczytać, Posiadam"
Tajemnica królestwa,Mika Waltari,,,,"Chcę przeczytać, Posiadam"
Epoka diamentu,Neal Stephenson,,9,2025-11-05,"Przeczytane, Posiadam"
444,Maciej Siembieda,9788326845215,5,2025-11-04,"Przeczytane, Audiobook"
Wieczny pokój,Joe Haldeman,,,,"Chcę przeczytać, Posiadam"
Człowiek Plus,Frederik Pohl,,,,"Chcę przeczytać, Posiadam"
Wszyscy na Zanzibarze,John Brunner,9788374805391,,,"Chcę przeczytać, Posiadam"
Nakręcana dziewczyna. Pompa numer sześć,Paolo Bacigalupi,9788374801935,,,"Chcę przeczytać, Posiadam"
Czas mroku,Pierce Brown,9788368591118,,,"Chcę przeczytać, Posiadam"
Zima naszej goryczy,John Steinbeck,9788383520025,,,"Chcę przeczytać, Posiadam"
Zwiastun burz,Michael Moorcock,9788383356549,,,"Chcę przeczytać, Posiadam"
Krąg czasu,Ken Follett,9788383618012,,,"Chcę przeczytać, Posiadam"
Księga Innych Miejsc,China Miéville,9788383912455,,,"Chcę przeczytać, Posiadam"
Ostatni brzeg,Nevil Shute,9788381882118,,,"Chcę przeczytać, Posiadam"
Conan zuchwały,John Maddox Roberts,,,,"Chcę przeczytać, Posiadam"
Żywe srebro. Tom 2,Neal Stephenson,,,,"Chcę przeczytać, Posiadam"
Dziewiąte życie Louisa Draksa,Liz Jensen,8375060553,,,"Chcę przeczytać, Posiadam"
Ender na wygnaniu,Orson Scott Card,,,,"Chcę przeczytać, Posiadam"
Tlen,Geoff Ryman,,,,"Chcę przeczytać, Posiadam"
Przepis doskonały,Torgny Lindgren,,,,"Chcę przeczytać, Posiadam"
Alteracja,Kingsley Amis,9788368191233,,,"Chcę przeczytać, Posiadam"
Labirynt śmierci,Philip K. Dick,,8,2025-10-31,"Przeczytane, Z biblioteki"
Złoty syn,Pierce Brown,,7,2025-10-30,"Przeczytane, Posiadam"
Kairos,Maciej Siembieda,,9,2025-10-28,"Przeczytane, Audiobook"
Czerwony świt,Pierce Brown,9788367793926,8,2025-10-24,"Przeczytane, Posiadam"
Nemezis,Maciej Siembieda,,9,2025-10-23,"Przeczytane, Audiobook"
Ostatnie zapiski Thomasa F. dla ogółu,Kjell Askildsen,9788367515351,7,2025-10-22,"Przeczytane, Posiadam"
Katharsis,Maciej Siembieda,9788383803340,9,2025-10-20,"Przeczytane, Audiobook"
Virion. Szermierz,Andrzej Ziemiański,9788379645169,7,2025-10-10,"Przeczytane, Audiobook"
www.1939.com.pl,Marcin Ciszewski,9788392587941,7,2025-10-09,"Przeczytane, Posiadam"
Księżycowy pył,Arthur C. Clarke,9788383383354,,,"Chcę przeczytać, Posiadam"
Przestrzeń Objawienia,Alastair Reynolds,9788367023320,9,2025-10-02,"Przeczytane, Posiadam"
Virion. Adept,Andrzej Ziemiański,9788379644155,7,2025-10-01,"Przeczytane, Audiobook"
Obcy: Wyjście z cienia,Tim Lebbon,9788377314265,,,"Chcę przeczytać, Posiadam"
Eryk Promiennooki,Henry Rider Haggard,9788384080214,,,"Chcę przeczytać, Posiadam"
Kane - Prometeusz Nikczemny,Karl Edward Wagner,9788384080078,,,"Chcę przeczytać, Posiadam"
Tau Zero. Korytarze czasu,Poul Anderson,,,,"Chcę przeczytać, Posiadam"
Virion. Obława,Andrzej Ziemiański,9788379643578,8,2025-09-25,"Przeczytane, Audiobook"
Tęcza grawitacji,Thomas Pynchon,,,,"Chcę przeczytać, Posiadam"
www.1944.waw.pl,Marcin Ciszewski,,,,"Chcę przeczytać, Posiadam"
Aleja potępienia,Roger Zelazny,,,,"Chcę przeczytać, Posiadam"
Prefekt,Alastair Reynolds,9788374801874,9,2025-09-20,"Przeczytane, Posiadam"
Virion. Wyrocznia,Andrzej Ziemiański,,9,2025-09-19,"Przeczytane, Audiobook"
Wojownik-Prorok,R. Scott Bakker,,,,"Chcę przeczytać, Posiadam"
Wurt,Jeff Noon,,,,"Chcę przeczytać, Posiadam"
Wgrzesznicy,Pat Cadigan,,,,"Chcę przeczytać, Posiadam"
Martin Eden,Jack London,9788391304037,,,"Chcę przeczytać, Posiadam"
Kuźnia ciemności,Steven Erikson,9788374803618,,,"Chcę przeczytać, Posiadam"
wojna1942.pl,Marcin Ciszewski,,9,2025-09-14,"Przeczytane, Posiadam, Audiobook"
Pod kopułą,Stephen King,9788376483498,,,"Chcę przeczytać, Posiadam"
Rzeźnia numer pięć,Kurt Vonnegut,9788381164924,,,"Chcę przeczytać, Posiadam"
Dawca Przysięgi. Część 2,Brandon Sanderson,9788366409545,,,"Chcę przeczytać, Posiadam"
Krótkie panowanie Pepina IV,John Steinbeck,9788383911724,,,"Chcę przeczytać, Posiadam"
Diabły,Joe Abercrombie,9788368240573,,,"Chcę przeczytać, Posiadam"
Paradyzja,Janusz A. Zajdel,9788370541637,,,"Chcę przeczytać, Posiadam"
Pięć złotych obręczy,Jack Vance,,7,2025-09-12,"Przeczytane, E-book"
Narodziny Fundacji,Isaac Asimov,,8,2025-09-12,"Przeczytane, Posiadam"
Termush,Sven Holm,,,2025-09-11,"Przeczytane, Posiadam"
wojna1939.pl,Marcin Ciszewski,,9,2025-09-10,"Przeczytane, Audiobook"
Preludium Fundacji,Isaac Asimov,,8,2025-09-06,"Przeczytane, Posiadam"
Brigantia,Adrian Goldsworthy,,,,"Chcę przeczytać, Posiadam"
Złowrogie morze,Adrian Goldsworthy,,,,"Chcę przeczytać, Posiadam"
Wieża elfów,Michael James Sullivan,,,,"Chcę przeczytać, Posiadam"
Błyskawiczna wypłata,Ryszard Ćwirlej,9788328704220,6,2025-09-01,"Przeczytane, Posiadam, Audiobook"
Szczypta nienawiści,Joe Abercrombie,,7,2025-08-30,"Przeczytane, Posiadam"
Ciężar korony,A. C. Cobble,9788379648597,,,"Chcę przeczytać, Posiadam"
Płonąca wieża,A. C. Cobble,9788379647675,,,"Chcę przeczytać, Posiadam"
Cień doskonały,Brent Weeks,9788367793582,6,2025-08-27,"Przeczytane, E-book"
Poza Cieniem,Brent Weeks,9788367793469,,,"Chcę przeczytać, Posiadam"
Cryptonomicon,Neal Stephenson,9788367353038,,,"Chcę przeczytać, Posiadam"
Pan Lodowego Ogrodu - księga IV,Jarosław Grzędowicz,9788379646784,,,"Chcę przeczytać, Posiadam"
Gwiazdy są także ogniem,Poul Anderson,83-7298-044-6,,,"Chcę przeczytać, Posiadam"
Miecz świtu,Michael Moorcock,8370820522,,,"Chcę przeczytać, Buylist"
Nim nadejdzie lato,Erich Maria Remarque,9788381889933,,,"Chcę przeczytać, Posiadam"
Czas życia i czas śmierci,Erich Maria Remarque,9788381889940,10,2025-08-22,"Przeczytane, Posiadam"
Przyszła na Sarnath zagłada. Opowieści niesamowite i fantastyczne,H.P. Lovecraft,9788377312360,,,"Chcę przeczytać, Posiadam"
Opowieści o Bauchelainie i Korbalu Broachu. Tom 1,Steven Erikson,9788366712508,8,2025-08-20,"Przeczytane, Posiadam"
Śmiertelnie poważna sprawa,Ryszard Ćwirlej,,7,2025-08-19,"Przeczytane, Posiadam, Audiobook"
Tryumf Fundacji,David Brin,,,,"Chcę przeczytać, Posiadam"
Śmierć frajerom,Mario Puzo,,,,"Chcę przeczytać, Posiadam"
Dyktator,Robert Harris,,,,"Chcę przeczytać, Posiadam"
Droga Cienia,Brent Weeks,,7,2025-08-17,"Przeczytane, Posiadam"
Noc noży,Ian Cameron Esslemont,,8,2025-08-15,"Przeczytane, Posiadam"
Han Solo i utracona fortuna,Brian Daley,,,,"Chcę przeczytać, Posiadam"
Mocne uderzenie,Ryszard Ćwirlej,,7,2025-08-14,"Przeczytane, Posiadam, Audiobook"
Pusty horyzont,A. C. Cobble,9788379647248,,,"Chcę przeczytać, Posiadam"
Na krawędzi Cienia,Brent Weeks,9788367793452,,,"Chcę przeczytać, Posiadam"
Lux perpetua,Andrzej Sapkowski,9788375781410,,,"Chcę przeczytać, Posiadam"
Dom łańcuchów,Steven Erikson,9788366712409,9,2025-08-10,"Przeczytane, Posiadam"
Przygoda z owcą,Haruki Murakami,9788328733190,,,"Chcę przeczytać, Posiadam"
Świat we krwi: Pierzasty Wąż,Michał Gołkowski,9788379649693,,,"Chcę przeczytać, Posiadam"
Królowa Ognia,Anthony Ryan,9788383750293,,,"Chcę przeczytać, Posiadam"
Lord Wieży,Anthony Ryan,9788383750262,,,"Chcę przeczytać, Posiadam"
Ilion,Dan Simmons,9788367353199,,,"Chcę przeczytać, Posiadam"
Olimp,Dan Simmons,,,,"Chcę przeczytać, Posiadam"
Epoka Imperium,Michael James Sullivan,,,,"Chcę przeczytać, Posiadam"
Epoka Śmierci,Michael James Sullivan,,,,"Chcę przeczytać, Posiadam"
Epoka Legendy,Michael James Sullivan,,,,"Chcę przeczytać, Posiadam"
Epoka Wojny,Michael James Sullivan,,,,"Chcę przeczytać, Posiadam"
Wspomnienie lodu,Steven Erikson,,9,2025-07-27,"Przeczytane, Posiadam"
Fundacja i chaos,Greg Bear,9788371208102,,,"Chcę przeczytać, Posiadam"
Księgi krwi IV-VI,Clive Barker,,,,"Chcę przeczytać, Posiadam"
Filmowy wehikuł czasu,Harry Harrison,,,,"Chcę przeczytać, Posiadam"
Remember the Alamo!,Jeff Jeffries,075547368X,,,"Chcę przeczytać, Posiadam"
Kandydat z piekła,Graham Masterton,,,,"Chcę przeczytać, Posiadam"
Tancerka Krawędzi,Brandon Sanderson,,,,"Chcę przeczytać, Posiadam"
Dublińczycy,James Joyce,9788366511354,,,"Chcę przeczytać, Posiadam"
Złamany miecz,Poul Anderson,9788384080207,,,"Chcę przeczytać, Posiadam"
Peanatema,Neal Stephenson,9788366065345,,,"Chcę przeczytać, Posiadam"
Misteria,Knut Hamsun,9788379985487,,,"Chcę przeczytać, Posiadam"
Zatracenie,Osamu Dazai,9788307034768,,,"Chcę przeczytać, Posiadam"
Miasto permutacji,Greg Egan,9788384080153,,,"Chcę przeczytać, Posiadam"
Mitologia,Jan Parandowski,9788367940184,,,"Chcę przeczytać, Posiadam"
Norwegian Wood,Haruki Murakami,9788328733206,,,"Chcę przeczytać, Posiadam"
Wrogowie rodzaju ludzkiego,Mika Waltari,8371322046,,,"Chcę przeczytać, Posiadam"
"Turms, nieśmiertelny",Mika Waltari,8371321635,,,"Chcę przeczytać, Posiadam"
Legenda o Humie,Richard A. Knaak,8371500629,,,"Chcę przeczytać, Posiadam"
Śmierć pilota,David Zindell,8386572884,,,"Chcę przeczytać, Posiadam"
Klub Dumas,Arturo Pérez-Reverte,9788377585108,,,"Chcę przeczytać, Posiadam"
Umrzeć w Italbarze,Roger Zelazny,83-85432-47-7,,,"Chcę przeczytać, Posiadam"
Wojna Kobry,Timothy Zahn,8370828260,,,"Chcę przeczytać, Posiadam"
Księżyc Trzech Pierścieni,Andre Norton,,,,"Chcę przeczytać, Posiadam"
Kroniki Majipooru,Robert Silverberg,,,,"Chcę przeczytać, Posiadam"
Stan zagrożenia,Tom Clancy,,,,"Chcę przeczytać, Posiadam"
Świetlani posłańcy,Gentry Lee,8371690118,,,"Chcę przeczytać, Posiadam"
Droga wojownika,Robert Anthony Salvatore,,,,"Chcę przeczytać, Posiadam"
Mity greckie,Robert Graves,,,,"Chcę przeczytać, Posiadam"
Fabryka os,Iain Banks,9788382020793,,,"Chcę przeczytać, Posiadam"
Niewidzialne miasta,Italo Calvino,9788381965958,,,"Chcę przeczytać, Posiadam"
Fikcje,Jorge Luis Borges,9788366272811,,,"Chcę przeczytać, Posiadam"
Gateway. Za błękitnym horyzontem zdarzeń,Frederik Pohl,9788367793919,7,2025-06-30,"Przeczytane, Posiadam"
Era supernowej,Cixin Liu,9788380624917,,,"Chcę przeczytać, Posiadam"
Pieśń krwi,Anthony Ryan,9788383750231,,,"Chcę przeczytać, Posiadam"
O krok od zguby,Fritz Leiber,8388431889,,,"Chcę przeczytać, Posiadam"
Oblężenie Lankmaru,Fritz Leiber,8388431544,,,"Chcę przeczytać, Posiadam"
Droga do skarbu,Fritz Leiber,838843151X,,,"Chcę przeczytać, Posiadam"
Kroniki Averoigne,Clark Ashton Smith,9788367482646,8,2025-06-25,"Przeczytane, Posiadam"
Pan Lodowego Ogrodu - księga III,Jarosław Grzędowicz,9788379646661,,,"Chcę przeczytać, Posiadam"
Równi bogom,Isaac Asimov,9788381886918,,,"Chcę przeczytać, Posiadam"
Gniew bogów,John Gwynne,9788383751429,,,"Chcę przeczytać, Posiadam"
Księga Ptaha,Alfred Elton van Vogt,,,,"Chcę przeczytać, Posiadam"
Cyklop,Marek Krajewski,,,,"Chcę przeczytać, Posiadam"
Luna to surowa pani,Robert A. Heinlein,9788368069051,6,2025-06-19,"Przeczytane, Posiadam"
Spisek,Robert Harris,,,,"Chcę przeczytać, Posiadam"
Głodna Puszcza,Marcin Mortka,,,,"Chcę przeczytać, Posiadam"
Skrzynia pełna dusz,Marcin Mortka,,,,"Chcę przeczytać, Posiadam"
Szum,Blake Crouch,9788367940740,,,"Chcę przeczytać, Posiadam"
Wszystkie imiona,José Saramago,8371208316,,,"Chcę przeczytać, Posiadam"
Drugi sen,Robert Harris,9788381258005,,,"Chcę przeczytać, Posiadam"
Epoka Mieczy,Michael James Sullivan,9788367793148,,,"Chcę przeczytać, Posiadam"
Sześcioro mesjaszy,Mark Frost,8371505191,,,"Chcę przeczytać, Posiadam"
Dzwon Islandii,Halldór Kiljan Laxness,9788368295337,,,"Chcę przeczytać, Posiadam"
Wspólna orbita zamknięta,Becky Chambers,9788381164269,,,"Chcę przeczytać, Posiadam"
"Daleka droga do małej, gniewnej planety",Becky Chambers,9788381161381,,,"Chcę przeczytać, Posiadam"
Pamięć zwana Imperium,Arkady Martine,9788382023695,,,"Chcę przeczytać, Posiadam"
Zagrożenie Fundacji,Gregory Benford,9788383383750,,,"Chcę przeczytać, Posiadam"
"Umierając, żyjemy",Robert Silverberg,9788381884020,,,"Chcę przeczytać, Posiadam"
Diamentowy wiek,Neal Stephenson,83-7150-201-X,,,"Chcę przeczytać, Posiadam"
Strach mędrca. Część 1,Patrick Rothfuss,9788375106091,,,"Chcę przeczytać, Posiadam"
Król bezmiarów,Feliks W. Kres,9788379646371,,,"Chcę przeczytać, Posiadam"
Gracz,Iain Banks,8372552010,8,2025-06,"Przeczytane, Posiadam"
Poranek dnia zagłady,C. L. Moore,,,,"Chcę przeczytać, Posiadam"
Bez celebracji. Oficjalna historia PARADISE LOST,David Gehlke,,,,"Chcę przeczytać, Posiadam"
Solomon Kane,Robert E. Howard,9788384080115,,,"Chcę przeczytać, Posiadam"
Rozgwiazda,Peter Watts,,,,"Chcę przeczytać, Posiadam"
Cień Hegemona,Orson Scott Card,,,,"Chcę przeczytać, Posiadam"
Spotkanie z Heechee. Kroniki Heechee,Frederik Pohl,9788368240276,,,"Chcę przeczytać, Posiadam"
Pamięć światłości,Robert Jordan,9788377857106,,,"Chcę przeczytać, Buylist"
Bastiony mroku,Robert Jordan,9788375069440,,,"Chcę przeczytać, Buylist"
Pomruki Burzy,Robert Jordan,9788375067231,,,"Chcę przeczytać, Buylist"
Dech zimy,Robert Jordan,9788375069426,,,"Chcę przeczytać, Buylist"
Ścieżka sztyletów,Robert Jordan,9788375069433,,,"Chcę przeczytać, Buylist"
Migotliwa wstęga,Alastair Reynolds,9788367353311,9,2025-06-07,"Przeczytane, Posiadam"
Typy psychologiczne,Carl Gustav Jung,9788393717835,,,"Chcę przeczytać, Posiadam"
Zimowe wilki,Dan Jones,9788383678221,,,"Chcę przeczytać, Posiadam"
Mapy sensu: Architektura przekonań,Jordan Peterson,9788396049803,,,"Chcę przeczytać, Posiadam"
Buszujący w zbożu,J.D. Salinger,9788382156126,,,"Chcę przeczytać, Posiadam"
Cieplarnia,Brian W. Aldiss,9788380625990,,,"Chcę przeczytać, Posiadam"
Zamek Złudzeń,Mercedes Lackey,9788374180689,,,"Chcę przeczytać, Posiadam"
Czara wiatrów,Robert Jordan,8371505647,,,"Chcę przeczytać, Posiadam"
Korona mieczy,Robert Jordan,9788377851906,,,"Chcę przeczytać, Posiadam"
Boży bojownicy,Andrzej Sapkowski,9788375781403,,,"Chcę przeczytać, Posiadam"
Rok 1985,Anthony Burgess,9788379985357,,,"Chcę przeczytać, Posiadam"
Santiago. Mit z odległej przyszłości,Mike Resnick,83-7120-017-X,,,"Chcę przeczytać, Posiadam"
Zabójcza sprawiedliwość,Ann Leckie,9788328700482,,,"Chcę przeczytać, Posiadam"
Zabójczy miecz,Ann Leckie,9788328703568,,,"Chcę przeczytać, Posiadam"
Odprysk Świtu,Brandon Sanderson,9788366712218,,,"Chcę przeczytać, Posiadam"
Złote miasto,John Twelve Hawks,9788375082326,,,"Chcę przeczytać, Posiadam"
Non stop,Brian W. Aldiss,9788380625983,8,2025-05-30,"Przeczytane, Z biblioteki"
Krainy Cienia,Robert Anthony Salvatore,8374180269,,,"Chcę przeczytać, Posiadam, Forgotten Realms"
Zaklinacz,Troy Denning,8374180692,,,"Chcę przeczytać, Posiadam, Forgotten Realms"
Oblężenie,Troy Denning,8374180617,,,"Chcę przeczytać, Posiadam, Forgotten Realms"
Wezwanie,Troy Denning,8374180021,,,"Chcę przeczytać, Posiadam, Forgotten Realms"
Ogar Magów,Elaine Cunningham,9788388916847,,,"Chcę przeczytać, Posiadam, Forgotten Realms"
Północ galaktyki,Alastair Reynolds,9788374804264,,,"Chcę przeczytać, Posiadam"
Diamentowe Psy. Turkusowe Dni,Alastair Reynolds,9788374802055,8,2025-05-29,"Przeczytane, Posiadam"
Włóczęgi,Knut Hamsun,9788379984169,,,"Chcę przeczytać, Posiadam"
Vindolanda,Adrian Goldsworthy,9788383380285,,,"Chcę przeczytać, Posiadam"
Mokradła,Maria Turtschaninoff,9788368217124,,,"Chcę przeczytać, Posiadam"
Wojna Magów,Elaine Cunningham,8374180587,,,"Chcę przeczytać, Posiadam, Forgotten Realms"
Brama Wody,Elaine Cunningham,8388916920,,,"Chcę przeczytać, Posiadam, Forgotten Realms"
V.,Thomas Pynchon,9788367023634,,,"Chcę przeczytać, Posiadam"
Mroczna rzeka,John Twelve Hawks,,,,"Chcę przeczytać, Posiadam"
Traveler,John Twelve Hawks,,,,"Chcę przeczytać, Posiadam"
Nocarz,Magdalena Kozak,9788366955998,,,"Chcę przeczytać, Posiadam"
Cujo,Stephen King,,,,"Chcę przeczytać, Posiadam"
Pan Lodowego Ogrodu - księga II,Jarosław Grzędowicz,9788379644971,,,"Chcę przeczytać, Posiadam"
Śmierć Doktora Wyspy,Gene Wolfe,8386669373,,,"Chcę przeczytać, Posiadam"
Nastanie nocy,Robert Silverberg,8370821812,,,"Chcę przeczytać, Posiadam"
Wichry cienia,Robert Jordan,8372987203,,,"Chcę przeczytać, Posiadam, Oko Świata"
Rozstaje zmierzchu,Robert Jordan,8372986649,,,"Chcę przeczytać, Posiadam, Oko Świata"
Ptaki,Tarjei Vesaas,9788368263213,,,"Chcę przeczytać, Posiadam"
Dawca Przysięgi. Część 1,Brandon Sanderson,9788366409538,8,2025-05-20,"Przeczytane, Posiadam"
Pistolet z pozytywką,Jonathan Lethem,8371502974,6,2025-05-15,"Przeczytane, Posiadam"
Wiatr i Prawda. Część 2,Brandon Sanderson,9788368240535,,,"Chcę przeczytać, Posiadam"
Koniec śmierci,Cixin Liu,9788380622852,8,2025-05-14,"Przeczytane, Posiadam"
Ucieczka od wolności,Erich Fromm,9788379982882,,,"Chcę przeczytać, Posiadam"
Poza dobrem i złem,Friedrich Nietzsche,9788361516330,,,"Chcę przeczytać, Posiadam"
Ciemny las,Cixin Liu,9788381884495,9,2025-05-10,"Przeczytane, Posiadam"
Fight Club. Podziemny krąg,Chuck Palahniuk,9788392151241,,,"Chcę przeczytać, Posiadam"
Królowa Bedlam,Robert McCammon,9788377314654,,,"Chcę przeczytać, Posiadam"
Wieczny wojownik. Tom 1,Michael Moorcock,,,,"Chcę przeczytać, Posiadam"
Rycerz,Bernard Cornwell,9788381353359,,,"Chcę przeczytać, Posiadam"
Szaleństwo Almayera,Joseph Conrad,,,,"Chcę przeczytać, Posiadam"
Klara i słońce,Kazuo Ishiguro,,,,"Chcę przeczytać, Posiadam"
Narrenturm,Andrzej Sapkowski,9788375781397,,,"Chcę przeczytać, Posiadam"
Ostatnia zagadka,Arturo Pérez-Reverte,9788368191561,,,"Chcę przeczytać, Posiadam"
Problem trzech ciał,Cixin Liu,9788381881548,8,2025-05-07,"Przeczytane, Posiadam"
Błogosławieństwo ziemi,Knut Hamsun,9788379542994,9,2025-05-05,"Przeczytane, Posiadam"
Słońce i stal,Yukio Mishima,9788381964364,,,"Chcę przeczytać, Posiadam"
Przebudzenie,Stephen King,9788379610709,7,2025-05-05,"Przeczytane, Posiadam"
Ślady palców Bogów,Graham Hancock,9788324182459,,,"Chcę przeczytać, Posiadam"
Słowa światłości,Brandon Sanderson,9788368240559,,,"Przeczytane, Posiadam"
Kronika ptaka nakręcacza,Haruki Murakami,9788328733237,,,"Chcę przeczytać, Posiadam"
Joyland,Stephen King,9788383911830,,,"Chcę przeczytać, Posiadam"
Zielona Mila,Stephen King,9788383613314,,,"Chcę przeczytać, Posiadam"
Godzina wilka,Robert McCammon,9788384080269,8,2025-04-29,"Przeczytane, Posiadam"
Nowy wspaniały świat,Aldous Huxley,9788328722941,,,"Chcę przeczytać, Posiadam"
Orły Imperium,Simon Scarrow,9788324578771,,,"Chcę przeczytać, Posiadam"
Klucz do Rebeki,Ken Follett,9788383612126,,,"Chcę przeczytać, Posiadam"
Czwarta epoka,Kōbō Abe,9788368059632,,,"Chcę przeczytać, Posiadam"
Stoner,John Williams,9788396674821,,,"Chcę przeczytać, Posiadam"
Outsider,Stephen King,9788381237895,,,"Chcę przeczytać, Posiadam"
Stwory światła i ciemności,Roger Zelazny,8303021095,,,"Chcę przeczytać, Posiadam"
Dziedzictwo Heorotu,Larry Niven,8371206321,,,"Chcę przeczytać, Posiadam"
Cień Endera,Orson Scott Card,9788384080085,,,"Chcę przeczytać, Posiadam"
Najazd z przeszłości,James P. Hogan,9788383383156,,,"Chcę przeczytać, Posiadam"
Martwa strefa,Stephen King,9788376480688,7,2025-04-24,"Przeczytane, Posiadam"
Planeta śmierci 3,Harry Harrison,8385276556,,,"Chcę przeczytać, Posiadam"
Słowa światłości,Brandon Sanderson,9788374804660,9,2025-04-23,"Przeczytane, Z biblioteki"
Producenci broni,Alfred Elton van Vogt,8371699980,,,"Chcę przeczytać, Buylist"
Odmieniec,Victor LaValle,9788367023405,,,"Chcę przeczytać, Posiadam"
Rodzina Corleone,Mario Puzo,9788367512879,,,"Chcę przeczytać, Posiadam, Pożyczone"
Żałobne opaski,Brandon Sanderson,9788374808699,,,"Chcę przeczytać, Posiadam"
Jedyni dobrzy Indianie,Stephen Graham Jones,9788367353090,,,"Chcę przeczytać, Posiadam"
Fat City,Leonard Gardner,9788368191196,9,2025-04-17,"Przeczytane, Posiadam"
Czwarty K,Mario Puzo,9788367512923,7,2025-04-15,"Przeczytane, Posiadam"
Myśl tysiąckrotna,R. Scott Bakker,9788374800464,,,"Chcę przeczytać, Posiadam"
Sklepy z bronią na Isher,Alfred Elton van Vogt,8371698380,,,"Chcę przeczytać, Posiadam"
Tygrysy morza,Robert E. Howard,9788370031237,,,"Chcę przeczytać, Posiadam"
Barbarzyńca i marzyciel: Dwa światy fantasy,Lord Dunsany,8385150080,,,"Chcę przeczytać, Posiadam"
Sycylijczyk,Mario Puzo,,,,"Chcę przeczytać, Posiadam"
Ojciec chrzestny,Mario Puzo,9788367512893,,,"Chcę przeczytać, Posiadam"
Cycero,Robert Harris,,,,"Chcę przeczytać, Posiadam"
Blaze,Richard Bachman,,,,"Chcę przeczytać, Posiadam"
Rozłąka,Christopher Priest,,,,"Chcę przeczytać, Posiadam"
Dżuma,Albert Camus,9788381965453,,,"Chcę przeczytać, Posiadam"
"Gdy leżę, konając",William Faulkner,9788324083367,,,"Chcę przeczytać, Posiadam"
Wola wielu,James Islington,9788383750439,,,"Chcę przeczytać, Posiadam"
Planeta małp,Pierre Boulle,9788367515191,8,2025-04-11,"Przeczytane, Z biblioteki"
Na skrzydłach orłów,Ken Follett,8385079203,,,"Chcę przeczytać, Posiadam, DNF"
Krwawy południk,Cormac McCarthy,9788308044766,7,2025-04-10,"Przeczytane, Posiadam"
Blizna,Auður Ava Ólafsdóttir,9788366553477,8,2025-04-09,"Przeczytane, Z biblioteki"
Droga Królów,Brandon Sanderson,9788366409316,9,2025-04-06,"Przeczytane, Posiadam"
Lód II,Jacek Dukaj,9788308061169,,,"Chcę przeczytać, Posiadam"
Planeta Śmierci 3,Harry Harrison,8372453233,,,"Chcę przeczytać, Posiadam"
Cieplarnia,Brian W. Aldiss,83-7120-561-9,,,"Chcę przeczytać, Posiadam"
Trzy serca i trzy lwy,Poul Anderson,8371500130,,,"Chcę przeczytać, Posiadam"
"Rzekomo fajna rzecz, której nigdy więcej nie zrobię",David Foster Wallace,9788328027442,,,"Chcę przeczytać, Posiadam"
Kamień Łez,Terry Goodkind,8371204876,,,"Chcę przeczytać, Posiadam"
Conan i pradawni bogowie,Robert E. Howard,9788375108187,,,"Chcę przeczytać, Posiadam"
Wojownik żyje. Księga V. Strażnicy płomienia,Joel Rosenberg,8388916300,,,"Chcę przeczytać, Posiadam"
Kobieta z wydm,Kōbō Abe,9788324014866,5,2025-04-03,"Przeczytane, Z biblioteki"
Śniące Miasto,Michael Moorcock,,,,"Chcę przeczytać, Posiadam"
Królowa mieczy,Michael Moorcock,,,,"Chcę przeczytać, Posiadam"
Kudłacz,H. Beam Piper,9788375900958,,,"Chcę przeczytać, Posiadam"
Runestaff - Magiczna Laska,Michael Moorcock,8370820581,,,"Chcę przeczytać, Posiadam"
Świt Czarnego Słońca,C. S. Friedman,9788374800914,,,"Chcę przeczytać, Posiadam"
Czas starego boga,Sebastian Barry,9788367515931,,,"Chcę przeczytać, Posiadam"
Koniec warty,Stephen King,9788383613888,,,"Chcę przeczytać, Posiadam"
Znalezione nie kradzione,Stephen King,9788383613871,,,"Chcę przeczytać, Posiadam, Pożyczone"
Pan Mercedes,Stephen King,9788383613864,,,"Chcę przeczytać, Posiadam"
Orbita,Samantha Harvey,9788383602028,,,"Chcę przeczytać, Posiadam"
Wojna Kalibana,James S.A. Corey,9788374809245,,,"Chcę przeczytać, Posiadam"
Korona cieni,C. S. Friedman,9788374800952,,,"Chcę przeczytać, Posiadam"
Mistrz i Małgorzata,Michaił Bułhakow,9788324043651,,,"Chcę przeczytać, Posiadam"
Smoki chaosu,Tracy Hickman,9788371506437,,,"Chcę przeczytać, Posiadam"
Drugie pokolenie,Tracy Hickman,9788375060874,,,"Chcę przeczytać, Posiadam"
Suttree,Cormac McCarthy,978-83-08-04772-9,,,"Chcę przeczytać, Posiadam"
Włócznia rozcina wodę,Simon Jimenez,9788368240191,,,"Chcę przeczytać, Posiadam"
Trzej towarzysze,Erich Maria Remarque,9788378184485,,,"Chcę przeczytać, Posiadam"
Nadejście nocy,C. S. Friedman,,,,"Chcę przeczytać, Posiadam"
Zamęt. Tom 2,Neal Stephenson,9788374800273,,,"Chcę przeczytać, Posiadam"
Tai-pan,James Clavell,,9,2025-03-25,"Przeczytane, Posiadam"
Kawaler de Maison-Rouge,Aleksander Dumas,9788382410051,,,"Chcę przeczytać, Posiadam"
Naszyjnik królowej,Aleksander Dumas,,,,"Chcę przeczytać, Posiadam"
Wywrócony świat i inne utwory,Arkadij Strugacki,9788382951936,,,"Chcę przeczytać, Posiadam"
Wiatr i Prawda. Część 1,Brandon Sanderson,9788368240481,,,"Chcę przeczytać, Posiadam"
Wyborny trup,Agustina Bazterrica,9788383714295,,,"Chcę przeczytać, Posiadam"
Imię wiatru,Patrick Rothfuss,9788375100600,,,"Chcę przeczytać, Posiadam"
Rącze konie,Cormac McCarthy,9788308048474,,,"Chcę przeczytać, Posiadam"
Błękitny Mars,Kim Stanley Robinson,9788384080054,,,"Chcę przeczytać, Posiadam"
Wróg,Erich Maria Remarque,9788383380971,,,"Chcę przeczytać, Posiadam"
Droga powrotna,Erich Maria Remarque,9788375106220,,,"Chcę przeczytać, Posiadam"
Czas życia i czas śmierci,Erich Maria Remarque,8311079005,,,"Chcę przeczytać, Posiadam"
Shantaram,Gregory David Roberts,9788365282316,,,"Chcę przeczytać, Posiadam"
Przygody Gotreka i Felixa - Omnibus II,William King,,,,"Chcę przeczytać, Posiadam"
Kroniki Czarnej Kompanii,Glen Cook,,,,"Chcę przeczytać, Posiadam"
Róża i cierń,Michael James Sullivan,9788374809184,,,"Chcę przeczytać, Posiadam"
Wielka ucieczka,Robert Harris,,7,2025-03-18,"Przeczytane, Posiadam"
Kuracjusz; Podróż norymberska,Hermann Hesse,9788380088757,7,2025-03-16,"Przeczytane, Posiadam"
Wielki bazar. Złoto Brayana,Peter V. Brett,,6,2025-03-16,"Przeczytane, Audiobook"
Baśniowa opowieść (wydanie limitowane),Stephen King,,8,2025-03-16,"Przeczytane, Posiadam"
Medicus,Noah Gordon,,,,"Chcę przeczytać, Buylist"
Rodzina Borgiów,Mario Puzo,9788367512947,,,"Chcę przeczytać, Posiadam"
Sześć grobów do Monachium,Mario Puzo,,8,2025-03-14,"Przeczytane, Posiadam"
Człowiek z Nazaretu,Anthony Burgess,9788379985340,,,"Chcę przeczytać, Posiadam"
Pod kołami,Hermann Hesse,9788380088740,,,"Chcę przeczytać, Posiadam"
Koniec Świata i Hard-boiled Wonderland,Haruki Murakami,9788328736641,,,"Chcę przeczytać, Posiadam"
Iskra życia,Erich Maria Remarque,9788383381121,,,"Chcę przeczytać, Posiadam"
Cienie w raju,Erich Maria Remarque,9788375105391,,,"Chcę przeczytać, Posiadam"
Stary człowiek i morze,Ernest Hemingway,9788367157469,9,2025-03-11,"Przeczytane, Audiobook"
Piekło i szpada,Feliks W. Kres,9788384080016,,,"Chcę przeczytać, Posiadam"
W drodze,Jack Kerouac,9788368135954,,,"Chcę przeczytać, Posiadam"
Droga,Cormac McCarthy,9788308068687,,,"Chcę przeczytać, Posiadam"
Pan Slaughter,Robert McCammon,9788377315040,,,"Chcę przeczytać, Posiadam"
Paragraf 22,Joseph Heller,9788381255844,,,"Chcę przeczytać, Posiadam"
Whirlwind,James Clavell,9788389640895,,,"Chcę przeczytać, Posiadam"
Rytm Wojny. Część 2,Brandon Sanderson,9788366712461,,,"Chcę przeczytać, Posiadam"
Rytm Wojny. Część 1,Brandon Sanderson,9788366712195,,,"Chcę przeczytać, Posiadam"
Chwila wolności. Manuskrypt z Heiligenbergu,Jens Bjørneboe,,,,"Chcę przeczytać, Posiadam"
Zeno Cosini,Italo Svevo,,,,"Chcę przeczytać, Posiadam"
Ocalenie,Joseph Conrad,,,,"Chcę przeczytać, Posiadam"
Demon Copperhead,Barbara Kingsolver,9788383570174,,,"Chcę przeczytać, Posiadam"
Egipcjanin Sinuhe,Mika Waltari,,8,2025-03-04,"Przeczytane, Audiobook"
Noble House,James Clavell,,,,"Chcę przeczytać, Posiadam"
Dni ostatnie,Brian Evenson,9788367023078,8,2025-03-03,"Przeczytane, Posiadam"
Zew nocnego ptaka,Robert McCammon,9788377313879,8,2025-03-03,"Przeczytane, Posiadam"
Księgi krwi I-III,Clive Barker,9788366712072,,,"Chcę przeczytać, Posiadam"
Nie opuszczaj mnie,Kazuo Ishiguro,9788382153972,,,"Chcę przeczytać, Posiadam"
Wyprawa Błazna,Robin Hobb,9788374808972,,,"Chcę przeczytać, Posiadam"
Siedem kapitulacji,Ada Palmer,9788366409422,,,"Chcę przeczytać, Posiadam"
Kocia kołyska,Kurt Vonnegut,9788381165440,6,2025-02-26,"Przeczytane, Posiadam"
Miasteczko Salem,Stephen King,9788383910468,8,2025-02-25,"Przeczytane, Posiadam, Pożyczone"
Niewyczerpany żart,David Foster Wallace,9788383180267,,,"Chcę przeczytać, Posiadam"
Noc w Lizbonie,Erich Maria Remarque,9788381886512,,,"Chcę przeczytać, Posiadam"
Bracia Karamazow,Fiodor Dostojewski,9788377799369,,,"Chcę przeczytać, Posiadam"
Conan i skrwawiona korona,Robert E. Howard,9788375108828,,,"Chcę przeczytać, Posiadam"
Ostatnie polowanie,Jack Carr,9788381439312,,,"Chcę przeczytać, Posiadam"
Głód,Knut Hamsun,9788379984008,,,"Chcę przeczytać, Posiadam"
Peter Camenzind,Hermann Hesse,9788380089396,,,"Chcę przeczytać, Posiadam"
Rosshalde,Hermann Hesse,,,,"Chcę przeczytać, Posiadam"
O anarchizmie,Noam Chomsky,9788379983131,,,"Chcę przeczytać, Posiadam"
Jakimi istotami jesteśmy?,Noam Chomsky,,,,"Chcę przeczytać, Posiadam"
Twórca Gwiazd,Olaf Stapledon,,,,"Chcę przeczytać, Posiadam"
Wykolejeniec,Joseph Conrad,,,,"Chcę przeczytać, Posiadam"
"Trzech panów w łódce, nie licząc psa",Jerome K. Jerome,9788360159514,,,"Chcę przeczytać, Posiadam"
Strażnik sadu,Cormac McCarthy,9788308045206,,,"Chcę przeczytać, Posiadam"
Księżyc zaszedł. W niepewnym boju,John Steinbeck,9788383522364,,,"Chcę przeczytać, Posiadam"
Miecz Kaigenu,M. L. Wang,9788377314968,,,"Chcę przeczytać, Posiadam"
Pyłek w Oku Boga,Larry Niven,9788377314920,,,"Chcę przeczytać, Posiadam"
Łabędzi śpiew,Robert McCammon,9788377314548,,,"Chcę przeczytać, Posiadam"
Spisek przeciwko Ameryce,Philip Roth,9788308060780,,,Chcę przeczytać
Lata ryżu i soli,Kim Stanley Robinson,9788324585212,,,"Chcę przeczytać, Posiadam"
Izraelskie lobby a polityka zagraniczna USA,John Mearsheimer,9788396589477,,,"Chcę przeczytać, Posiadam"
Idealna ofiara,Robert Sheckley,837245308X,,,"Chcę przeczytać, Posiadam"
Pustynna Włócznia. Księga I,Peter V. Brett,9788379647194,6,2025-02-16,"Przeczytane, Posiadam"
Na wschód od Edenu,John Steinbeck,9788382950267,,,"Chcę przeczytać, Posiadam"
"Ja, inkwizytor. Dziennik czasu zarazy",Jacek Piekara,9788379646852,5,2025-02-11,"Przeczytane, Audiobook"
Malowany człowiek,Peter V. Brett,9788379646791,7,2025-02-11,"Przeczytane, Posiadam"
…i ujrzeli człowieka,Michael Moorcock,9788383383064,6,2025-02-07,"Przeczytane, Posiadam"
Czarny obelisk,Erich Maria Remarque,9788375106329,9,2025-02-06,"Przeczytane, Posiadam"
Igła,Ken Follett,,7,2025-02-01,"Przeczytane, Audiobook"
Gra szklanych paciorków,Hermann Hesse,,,,"Chcę przeczytać, Posiadam"
Młodość. Jądro ciemności. U kresu sił,Joseph Conrad,,,,"Chcę przeczytać, Posiadam"
Krzyżacy,Henryk Sienkiewicz,,,,"Chcę przeczytać, Posiadam"
Proces,Franz Kafka,9788377792070,,,"Chcę przeczytać, Posiadam"
Głód bogów,John Gwynne,9788383750880,,,"Chcę przeczytać, Posiadam"
Stochastyk,Robert Silverberg,83-900094-5-5,,,"Chcę przeczytać, Posiadam"
Park marzeń,Larry Niven,8370822665,,,"Chcę przeczytać, Posiadam"
Karol Szalony,Aleksander Dumas,8385130233,,,"Chcę przeczytać, Posiadam"
Whirlwind,James Clavell,9788379985821,,,"Chcę przeczytać, Posiadam"
Sankcja,Bernard Cornwell,8370827586,,,"Chcę przeczytać, Posiadam"
Człowiek terminal,Michael Crichton,8370823211,,,"Chcę przeczytać, Posiadam"
Sokół maltański,Dashiell Hammett,9788374703284,,,"Chcę przeczytać, Posiadam"
Śpiąc w płomieniu,Jonathan Carroll,8371202822,,,"Chcę przeczytać, Posiadam"
Klein i Wagner; Ostatnie lato Klingsora,Hermann Hesse,9788382651195,8,2025-01-25,"Przeczytane, Posiadam"
Hrabia Monte Christo. Część 2,Aleksander Dumas,,10,2025-01-23,"Przeczytane, Posiadam"
Hrabia Monte Christo. Część 1,Aleksander Dumas,,10,2025-01-21,"Przeczytane, Posiadam"
Demian,Hermann Hesse,9788380083639,9,2025-01-17,"Przeczytane, Posiadam"
Wypalić Chrom,William Gibson,9788374808996,,,"Chcę przeczytać, Posiadam"
Zbudź się. Żywot Buddy,Jack Kerouac,9788328009233,,,"Chcę przeczytać, TBR"
Siddhartha,Hermann Hesse,9788382652383,10,2025-01-14,"Przeczytane, Posiadam"
Pianola,Kurt Vonnegut,9788382022186,,,"Chcę przeczytać, Posiadam"
Hokus-Pokus,Kurt Vonnegut,9788382025910,,,"Chcę przeczytać, Posiadam"
Zawiść,John Gwynne,,,,"Chcę przeczytać, Posiadam"
Bezimienny Rycerz,Christian de Montella,9788373846579,6,2025-01-13,"Przeczytane, Posiadam"
Psy z Essex,Dan Jones,9788324089567,7,2025-01-09,"Przeczytane, Posiadam"
Upadek,Albert Camus,9788381961721,,,"Chcę przeczytać, Posiadam"
Była raz wojna; Bomby poszły,John Steinbeck,9788383910079,,,"Chcę przeczytać, Posiadam"
Myszy i ludzie,John Steinbeck,9788382950809,,,"Chcę przeczytać, Posiadam"
Trzej muszkieterowie,Aleksander Dumas,,,,"Chcę przeczytać, Posiadam"
Dwa ognie,Christopher Buehlman,9788368240221,8,2025-01-06,"Przeczytane, Posiadam"
Porzucone królestwo,Feliks W. Kres,8389004178,,,"Chcę przeczytać, Posiadam"
Tajny agent,Joseph Conrad,9788362409785,,,"Chcę przeczytać, Posiadam"
Konklawe,Robert Harris,9788379859443,7,2025-01-04,"Przeczytane, Posiadam"
Bez skrupułów,Tom Clancy,83-87454-49-4,,,"Chcę przeczytać, Posiadam"
Pogrzebany olbrzym,Kazuo Ishiguro,9788382156980,8,2024-12-31,"Przeczytane, Posiadam"
Migawka,Brandon Sanderson,9788366409477,6,2024-12-30,"Przeczytane, Posiadam"
Świt królestw. Jasna historia wieków ciemnych,Dan Jones,9788324088218,,,"Chcę przeczytać, Posiadam"
Excalibur,Bernard Cornwell,9788375154894,8,2024-12-29,"Przeczytane, Posiadam"
Zemsta cieni,Christian de Montella,9788324585427,,,"Chcę przeczytać, Posiadam"
Statek z lwem,Christian de Montella,9788324585243,,,"Chcę przeczytać, Posiadam"
Nieustanna ucieczka,A. C. Cobble,9788379646678,,,"Chcę przeczytać, Posiadam"
Wrogie terytorium,A. C. Cobble,,,,"Chcę przeczytać, Posiadam"
Lot nad kukułczym gniazdem,Ken Kesey,9788382154207,,,"Chcę przeczytać, Posiadam"
Pani Dobrego Znaku. Wieczny pokój,Feliks W. Kres,9788379646685,,,"Chcę przeczytać, Posiadam"
Zwycięski,Jack Campbell,9788379645862,,,"Chcę przeczytać, Posiadam"
Męstwo,John Gwynne,9788366065253,,,"Chcę przeczytać, Posiadam"
Pustynna Włócznia. Księga II,Peter V. Brett,9788379647200,,,"Chcę przeczytać, Posiadam"
Człowiek i jego symbole,Carl Gustav Jung,9788376491486,,,"Chcę przeczytać, Posiadam"
Starożytni Celtowie,Barry Cunliffe,9788381964159,,,"Chcę przeczytać, Posiadam"
Życie w średniowieczu,Frances Gies,9788324089499,,,"Chcę przeczytać, Posiadam"
Nieśmiertelny. Istoty światła i mroku. Wyspa umarłych. Oko kota,Roger Zelazny,9788368240214,,,"Chcę przeczytać, Posiadam"
Tortilla Flat,John Steinbeck,9788382951912,10,2024-12-25,"Przeczytane, Posiadam"
Jeźdźcy smoków,Anne McCaffrey,9788325000660,,,"Chcę przeczytać, Posiadam"
Wymiar cudów,Robert Sheckley,8370821731,,,"Chcę przeczytać, Posiadam"
Potrójna reintegracja,Robert Sheckley,8370827756,,,"Chcę przeczytać, Posiadam"
Opcje,Robert Sheckley,8370828205,,,"Chcę przeczytać, Posiadam"
Krew i śnieg,Christian de Montella,8373846794,,,"Chcę przeczytać, Posiadam"
Król Artur i rycerze okrągłego stołu,U. Waldo Cutler,,,,"Chcę przeczytać, Posiadam"
Cmentarz w Pradze,Umberto Eco,,,,"Chcę przeczytać, Posiadam"
Biały smok,Anne McCaffrey,,,,"Chcę przeczytać, Posiadam"
Nieprzyjaciel Boga,Bernard Cornwell,9788375154719,8,2024-12-22,"Przeczytane, Posiadam"
Król Artur i rycerze Okrągłego Stołu,Roger Lancelyn Green,,,,"Chcę przeczytać, Posiadam"
Tao filozofii,Alan Watts,,,,"Chcę przeczytać, Posiadam"
Clontarf 1014,Cezary Namirski,9788311168800,,,"Chcę przeczytać, Posiadam"
Obcy,Albert Camus,9788381964319,,,"Chcę przeczytać, Posiadam"
Narcyz i Złotousty,Hermann Hesse,9788380085237,,,"Chcę przeczytać, Posiadam"
Książę cierni,Mark Lawrence,9788361386193,6,2024-08,"Przeczytane, Audiobook"
Wahadło Foucaulta,Umberto Eco,9788373928671,,,"Chcę przeczytać, Posiadam"
Włóczęga,Bernard Cornwell,9788381353489,,,"Chcę przeczytać, Posiadam"
Heretyk,Bernard Cornwell,,,,"Chcę przeczytać, Posiadam"
Północna Granica,Feliks W. Kres,9788379646197,,,"Chcę przeczytać, Posiadam"
Pieśń Susannah,Stephen King,9788383611143,,,"Chcę przeczytać, Posiadam"
Wiatr przez dziurkę od klucza,Stephen King,9788383611167,,,"Chcę przeczytać, Posiadam"
Mroczna Wieża,Stephen King,,,,"Chcę przeczytać, Posiadam"
Piękna krew,Lucius Shepard,9788374809115,,,"Chcę przeczytać, Posiadam"
Biblioteka na Górze Opiec,Scott Hawkins,,,,"Chcę przeczytać, Posiadam"
Potwory północnoamerykańskich jezior,Nathan Ballingrud,,,,"Chcę przeczytać, Posiadam"
Operacja Ho Chi Minh 1974-1975,Janusz Lizut,,,,"Chcę przeczytać, Posiadam"
Jak przetrwać w średniowiecznej Anglii,Ian Mortimer,9788366625334,,,"Chcę przeczytać, Posiadam"
Król Artur. Prawda ukryta w legendzie,Rodney Castleden,9788365280206,,,"Chcę przeczytać, Posiadam"
Mabinogion. Prastare sagi walijskie,autor nieznany,,,,"Chcę przeczytać, Posiadam"
Żelazny Złoty,Pierce Brown,,,,"Chcę przeczytać, Posiadam"
Miasto złocistego cienia,Tad Williams,,,,"Chcę przeczytać, Posiadam"
Zimowy monarcha,Bernard Cornwell,9788375154641,8,2024-12-08,"Przeczytane, Posiadam"
Rycerstwo,Maurice Keen,9788306033595,,,"Chcę przeczytać, TBR"
Przeżyj rok w średniowieczu,Tillmann Bendikowski,9788324079728,,,"Chcę przeczytać, Posiadam"
Akwarium,Wiktor Suworow,9788375100112,,,"Chcę przeczytać, Posiadam"
Walczy by żyć,Kass Ceran,9788366955660,,,"Chcę przeczytać, Posiadam"
Urodzony by walczyć,Kass Ceran,9788366955554,,,"Chcę przeczytać, Posiadam"
Wilki z Calla,Stephen King,9788383611136,,,"Chcę przeczytać, Posiadam"
Czarnoksiężnik i kryształ,Stephen King,9788383611129,,,"Chcę przeczytać, Posiadam"
Ziemie Jałowe,Stephen King,9788383611112,,,"Chcę przeczytać, Posiadam"
Desperacja,Stephen King,9788382157246,,,"Chcę przeczytać, Posiadam"
Czarny Język,Christopher Buehlman,,,,"Chcę przeczytać, Posiadam"
Panorama średniowiecznej Anglii,George Gordon Coulton,,,,"Chcę przeczytać, Posiadam"
Rzeka błękitnego ognia,Tad Williams,,,,"Chcę przeczytać, Posiadam"
Góra z czarnego szkła,Tad Williams,,,,"Chcę przeczytać, Posiadam"
Bestie zza Muru,Robert Low,9788383380155,,,"Chcę przeczytać, Posiadam"
Conan buntownik,Poul Anderson,,,,"Chcę przeczytać, Posiadam"
Podniebna krucjata,Poul Anderson,,,,"Chcę przeczytać, Posiadam"
Zaginiony Dorsaj!,Gordon R. Dickson,,,,"Chcę przeczytać, Posiadam"
Tajemnica Białych Płaszczy,Jean-François Parot,,,,"Chcę przeczytać, Posiadam"
Człowiek z ołowiem w brzuchu,Jean-François Parot,,,,"Chcę przeczytać, Posiadam"
Dorsaj!,Gordon R. Dickson,8370821073,,,"Chcę przeczytać, Posiadam"
Ryk tornada,Walter Jon Williams,8371804555,,,"Chcę przeczytać, Posiadam"
Baudolino,Umberto Eco,8388459171,,,"Chcę przeczytać, Posiadam"
Imię róży,Umberto Eco,8306024842,,,"Chcę przeczytać, Posiadam"
Śmierć króla Artura,Peter Ackroyd,9788377851722,,,"Chcę przeczytać, Posiadam"
Powołanie Trójki,Stephen King,9788383611105,,,"Chcę przeczytać, Posiadam"
Początki Stalowego Szczura,Harry Harrison,9788377315071,,,"Chcę przeczytać, Posiadam"
Roland,Stephen King,9788383611099,,,"Chcę przeczytać, Posiadam"
Świat króla Artura,Andrzej Sapkowski,9788375780949,,,"Chcę przeczytać, Posiadam"
Groźne jaskinie,T. H. Lain,8388916750,6,2024-12-01,"Przeczytane, Posiadam"
Listy starego diabła do młodego,C.S. Lewis,9788380087897,,,"Chcę przeczytać, Posiadam"
Przed wyruszeniem w drogę,Marcin Mortka,9788382104431,6,2024-11-10,"Przeczytane, Audiobook"
Subtelnie mówię F**k! Sprzeczna z logiką metoda na szczęśliwe życie,Mark Manson,9788328335493,6,2024-11-08,"Przeczytane, Posiadam, Audiobook"
Uciekinier,Stephen King,,7,2024-11-06,"Przeczytane, Posiadam"
Szkatułka,Orson Scott Card,,5,2024-11-05,"Przeczytane, Posiadam"
Ostatni bastion Barta Dawesa,Richard Bachman,,7,2024-11-04,"Przeczytane, Posiadam"
"Bill, bohater galaktyki. Planeta robotów.",Harry Harrison,8386211113,,,"Chcę przeczytać, Posiadam"
Diuna Powieść graficzna. Księga 3. Prorok,Brian Herbert,,,,"Chcę przeczytać, Posiadam"
Diuna. Powieść graficzna. Księga 2. Muad'Dib,Brian Herbert,,,,"Chcę przeczytać, Posiadam"
Obcy: Zimna Kuźnia,Alex White,,7,2024-10-20,"Przeczytane, Posiadam"
Wściekłość i wrzask,William Faulkner,,,,"Chcę przeczytać, Z biblioteki, TBR"
Roboty z planety świtu,Isaac Asimov,9788373013858,,,"Chcę przeczytać, Posiadam"
Uczeń wojownika,Lois McMaster Bujold,8371801858,7,2024-10-12,"Przeczytane, Posiadam"
Eskapada,Malcolm XD,9788383199597,,,"Chcę przeczytać, Posiadam"
Jabłko Berło Tron,Ian Cameron Esslemont,9788368240047,,,"Chcę przeczytać, Posiadam"
Upiory spacerują nad Wartą,Ryszard Ćwirlej,9788328712515,7,2024-08,"Przeczytane, Audiobook"
Ręczna robota,Ryszard Ćwirlej,9788374147606,7,2024-08,"Przeczytane, Audiobook"
Czarne komando,Timothy Zahn,8370825540,6,2024-10-04,"Przeczytane, Posiadam"
Powrót Karmazynowej Gwardii,Ian Cameron Esslemont,9788367793438,,,"Chcę przeczytać, Posiadam"
Łaska bogów,James S.A. Corey,9788368240122,,,"Chcę przeczytać, Posiadam"
Beniamin Ashwood,A. C. Cobble,9788379645961,7,2024-10-01,"Przeczytane, Posiadam"
Coś,John W. Campbell,9788377315033,6,2024-09-30,"Przeczytane, Posiadam"
451° Fahrenheita,Ray Bradbury,9788374809221,8,2024-09-29,"Przeczytane, Z biblioteki"
Nagie słońce,Isaac Asimov,9788380626430,,,"Chcę przeczytać, Posiadam"
7EW,Neal Stephenson,9788374806718,,,"Chcę przeczytać, Posiadam"
Śnieżyca,Neal Stephenson,,,,"Chcę przeczytać, Posiadam"
Ściana,Marlen Haushofer,,8,2024-09-27,Przeczytane
Pozytonowy detektyw,Isaac Asimov,9788373013490,8,2024-09-26,"Przeczytane, Posiadam"
Poklatkowa rewolucja,Peter Watts,,7,2024-09-23,"Przeczytane, Z biblioteki"
Planeta Voodoo,Andre Norton,,6,2024-09-21,"Przeczytane, Posiadam"
Syreny z Tytana,Kurt Vonnegut,9788381166751,8,2024-09-21,"Przeczytane, Z biblioteki"
Forge of the High Mage,Ian Cameron Esslemont,9781250251954,,,"Chcę przeczytać, Posiadam"
Miasto Jadeitu,Fonda Lee,9788367353427,,,"Chcę przeczytać, Posiadam"
Przebudzenie Lewiatana,James S.A. Corey,9788374809153,,,"Chcę przeczytać, Posiadam"
Jonathan Strange i pan Norrell,Susanna Clarke,9788367793490,,,"Chcę przeczytać, Posiadam"
Piknik na skraju drogi i inne utwory,Arkadij Strugacki,9788381693776,,,"Chcę przeczytać, Posiadam"
Pan Lodowego Ogrodu - księga I,Jarosław Grzędowicz,9788379644964,,,"Chcę przeczytać, Posiadam"
Rysio Snajper,Kurt Vonnegut,9788381168670,,,"Chcę przeczytać, Posiadam"
Światło,Michael John Harrison,9788374801577,,,"Chcę przeczytać, TBR"
Caine Czarny Nóż,Matthew Woodring Stover,9788374801676,,,"Chcę przeczytać, Posiadam"
"Ostrze Tyshalle'a, część 1",Matthew Woodring Stover,9788374801485,,,"Chcę przeczytać, Posiadam"
Pył,Hugh Howey,9788395889752,,,"Chcę przeczytać, Posiadam"
Renegaci z Pern,Anne McCaffrey,9788324577101,,,"Chcę przeczytać, Posiadam"
1Q84. Tom 3,Haruki Murakami,,,,"Chcę przeczytać, Posiadam"
1Q84. Tom 2,Haruki Murakami,,,,"Chcę przeczytać, Posiadam"
1Q84. Tom 1,Haruki Murakami,9788328733183,,,"Chcę przeczytać, Posiadam"
Kamienny wojownik,Ian Cameron Esslemont,,,,"Chcę przeczytać, Posiadam"
"Ostrze Tyshalle'a, część 2",Matthew Woodring Stover,9788374801522,,,"Chcę przeczytać, Posiadam"
Bohaterowie umierają,Matthew Woodring Stover,,,,"Chcę przeczytać, Posiadam"
Pieśń bogini Kali,Dan Simmons,9788377313824,7,2024-08-21,"Przeczytane, Posiadam"
Pieśń dla Arbonne,Guy Gavriel Kay,9788374800785,,,"Chcę przeczytać, Posiadam"
Tomek w grobowcach faraonów,Alfred Szklarski,837319830X,,,"Chcę przeczytać, Posiadam"
Tomek w krainie kangurów,Alfred Szklarski,8385325085,,,"Chcę przeczytać, Posiadam"
Władca cesarzy,Guy Gavriel Kay,8371509987,,,"Chcę przeczytać, Posiadam"
Pożeglować do Sarancjum,Guy Gavriel Kay,8371509979,,,"Chcę przeczytać, Posiadam"
Smoki wiosennego świtu,Tracy Hickman,9788375061413,,,"Chcę przeczytać, Posiadam"
Waleczny,Jack Campbell,9788375740943,,,"Chcę przeczytać, Posiadam"
Odważny,Jack Campbell,9788375740387,,,"Chcę przeczytać, Posiadam"
Czerwony prorok,Orson Scott Card,8386669675,,,"Chcę przeczytać, Posiadam"
Pierwsza Spowiedniczka,Terry Goodkind,9788375109542,,,"Chcę przeczytać, Posiadam"
Stąd do wieczności,James Jones,8389651831,,,"Chcę przeczytać, Posiadam"
Kochaj bliźniego,Erich Maria Remarque,8307022215,,,"Chcę przeczytać, Posiadam"
Starship: Bunt,Mike Resnick,9788375741681,,,"Chcę przeczytać, Posiadam"
Zimne miedziane łzy,Glen Cook,8371790414,,,"Chcę przeczytać, Posiadam"
"Bill, bohater Galaktyki. Na planecie zabutelkowanych mózgów",Harry Harrison,8386530065,,,"Chcę przeczytać, Posiadam"
Galaktyczni zwiadowcy: Postrach gwiazd,Harry Harrison,,,,"Chcę przeczytać, Posiadam"
Skokowiec,Marcin Podlewski,,,,"Chcę przeczytać, Posiadam"
Conan obieżyświat,L. Sprague de Camp,,,,"Chcę przeczytać, Posiadam"
Conan z Wysp,L. Sprague de Camp,,,,"Chcę przeczytać, Posiadam"
Smok Griaule,Lucius Shepard,9788374802345,,,"Chcę przeczytać, Posiadam"
Accelerando,Charles Stross,9788374801157,,,"Chcę przeczytać, Posiadam"
Dojrzewa wschodni wiatr,Glen Cook,837120955X,,,"Chcę przeczytać, Posiadam"
Nadciąga zły los,Glen Cook,8371209568,,,"Chcę przeczytać, Posiadam"
Bramy Domu Umarłych,Steven Erikson,9788366712133,8,2024-08-02,"Przeczytane, Posiadam"
Trainspotting,Irvine Welsh,9788361516439,,,"Chcę przeczytać, Posiadam"
Bóg zegarów,Alan Campbell,9788374801454,,,"Chcę przeczytać, Posiadam"
Zielony Mars,Kim Stanley Robinson,9788377314937,,,"Chcę przeczytać, Posiadam"
Nie będzie litości,Glen Cook,8371209541,,,"Chcę przeczytać, Posiadam"
Ogień w jego dłoniach,Glen Cook,8371209533,,,"Chcę przeczytać, Posiadam"
Maszyna różnicowa,William Gibson,9788374801867,,,"Chcę przeczytać, Posiadam"
Do błyskawicy podobne,Ada Palmer,9788374807159,,,"Chcę przeczytać, Posiadam"
Stare cynowe smutki,Glen Cook,8387968226,,,"Chcę przeczytać, Posiadam"
Ponure mosiężne cienie,Glen Cook,,,,"Chcę przeczytać, Posiadam"
The Godfather,Mario Puzo,,,,"Chcę przeczytać, Posiadam, English"
Pokój,Gene Wolfe,,,,"Chcę przeczytać, Posiadam"
Jaszczur,Honoré de Balzac,8304044757,,,"Chcę przeczytać, Posiadam"
Dwa Lata Wakacji,Juliusz Verne,,,,"Chcę przeczytać, Posiadam"
Gurkhowie,Roman Marcinek,,,,"Chcę przeczytać, Posiadam"
Szpiedzy Mossadu i tajne wojny Izraela,Yossi Melman,,,,"Chcę przeczytać, Posiadam"
Łowy na człowieka,Marek Czerwiński,9788362730025,,,"Chcę przeczytać, Posiadam"
Bez litości,Miroslav Žamboch,9788389011923,,,"Chcę przeczytać, Posiadam"
Noc blizn,Alan Campbell,9788374800938,,,"Chcę przeczytać, Posiadam"
Ścieżki Carrie,Andrew Kaplan,9788375152760,,,"Chcę przeczytać, Posiadam"
Papierowy człowiek,Dashiell Hammett,83-247-0381-0,,,"Chcę przeczytać, Posiadam"
Smocza Cesarzowa,Juraj Červenák,9788364185106,,,"Chcę przeczytać, Posiadam"
Gamedec. Granica rzeczywistości,Marcin S. Przybyłek,9788370541651,,,"Chcę przeczytać, Posiadam"
Lód I,Jacek Dukaj,9788308061152,,,"Chcę przeczytać, Posiadam"
Nieulękły,Jack Campbell,9788360505991,,,"Chcę przeczytać, Posiadam"
Stawiam na Tolka Banana,Adam Bahdaj,8310094191,,,"Chcę przeczytać, Posiadam"
Operacja Red Ball Express. Tom 2,David L. Robbins,9788360504215,,,"Chcę przeczytać, Posiadam"
Modlitwa za konających,Jack Higgins,83-7020-092-3,,,"Chcę przeczytać, Posiadam"
Żelazny kostur,Juraj Červenák,9788362329533,,,"Chcę przeczytać, Posiadam"
Słońce we krwi,Rafał Dębski,9788360504666,,,"Chcę przeczytać, Posiadam"
Dzienniki więzienne,Jeffrey Archer,9788380622623,,,"Chcę przeczytać, Posiadam"
Starship: Okręt flagowy,Mike Resnick,9788375743265,,,"Chcę przeczytać, Posiadam"
Starship: Najemnik,Mike Resnick,9788375741995,,,"Chcę przeczytać, Posiadam"
Nowy gracz,Eryk Algo,,,,"Chcę przeczytać, Posiadam"
Uciekinier,Ken Follett,,,,"Chcę przeczytać, Posiadam"
Playback,Raymond Chandler,,,,"Chcę przeczytać, Posiadam"
Starship: Pirat,Mike Resnick,9788375741476,,,"Chcę przeczytać, Posiadam"
Autostrada w mrok,Robert Silverberg,8390021447,,,"Chcę przeczytać, Posiadam"
Siódmy syn,Orson Scott Card,838566114X,,,"Chcę przeczytać, Posiadam"
Rój,B.V. Larson,9788375747430,,,"Chcę przeczytać, Posiadam"
Na ostrzu noża,Miroslav Žamboch,9788360505397,,,"Chcę przeczytać, Posiadam"
Na ostrzu noża,Miroslav Žamboch,9788360505250,,,"Chcę przeczytać, Posiadam"
Jestem legendą,Richard Matheson,9788374800716,,,"Chcę przeczytać, Posiadam"
Mag,John Fowles,9788382020618,,,"Chcę przeczytać, Posiadam"
Pierwsze prawo magii,Terry Goodkind,837120843X,,,"Chcę przeczytać, Posiadam"
Terror,Dan Simmons,9788377314203,,,"Chcę przeczytać, Posiadam"
Grona gniewu,John Steinbeck,9788382343687,,,"Chcę przeczytać, Posiadam"
Dracula,Bram Stoker,9788377312872,,,"Chcę przeczytać, Posiadam"
Frankenstein,Mary Shelley,9788377311516,,,"Chcę przeczytać, Posiadam"
Ogrody Księżyca,Steven Erikson,9788366712126,9,2024-07-12,"Przeczytane, Posiadam"
Fechtmistrz,Arturo Pérez-Reverte,8372003408,,,"Chcę przeczytać, Posiadam"
Lato Helikonii,Brian W. Aldiss,832071379X,,,"Chcę przeczytać, Posiadam"
Kull. Banita z Atlantydy,Robert E. Howard,9788378184911,,,"Chcę przeczytać, Posiadam"
Tyrania Nocy,Glen Cook,8373017825,,,"Chcę przeczytać, Posiadam"
Śmierć Dulgath,Michael James Sullivan,9788366065017,,,"Chcę przeczytać, Posiadam"
Cesarstwo potępionych,Jay Kristoff,9788368069037,,,"Chcę przeczytać, Posiadam"
Myto ogarów,Steven Erikson,9788374803830,,,"Chcę przeczytać, Posiadam"
Na południe od Brazos,Larry McMurtry,9788377312766,,,"Chcę przeczytać, Posiadam"
Łowcy kości,Steven Erikson,9788367023092,,,"Chcę przeczytać, Posiadam"
Pył snów,Steven Erikson,9788374803847,,,"Chcę przeczytać, Posiadam"
Wicher śmierci,Steven Erikson,9788367023221,,,"Chcę przeczytać, Posiadam"
Zniknięcie córki Wintera,Michael James Sullivan,9788374807487,,,"Chcę przeczytać, Posiadam"
Tajemnica Ramy,Arthur C. Clarke,9788383382401,,,"Chcę przeczytać, Posiadam"
Pan milczącego królestwa,Glen Cook,9788375100884,,,"Chcę przeczytać, Posiadam"
Piranesi,Susanna Clarke,9788366409293,9,2024-06-25,"Przeczytane, Posiadam"
Stal nie przemija,Richard Morgan,9788374182331,,,"Chcę przeczytać, TBR"
Bez odkupienia,Michael R. Fletcher,9788365568380,,,"Chcę przeczytać, TBR"
Książę Głupców,Mark Lawrence,9788361386940,,,"Chcę przeczytać, TBR"
Wieża koronna,Michael James Sullivan,9788374809078,7,2024-06-23,"Przeczytane, Posiadam"
Epoka Mitu,Michael James Sullivan,9788366712263,,,"Chcę przeczytać, Posiadam"
Opowieści z meekhańskiego pogranicza. Północ - Południe,Robert M. Wegner,9788361187448,,,"Chcę przeczytać, Posiadam"
Przypływy nocy,Steven Erikson,,,,"Chcę przeczytać, Posiadam"
Łuk triumfalny,Erich Maria Remarque,,,,"Chcę przeczytać, Posiadam"
"Modlitwy do rozbitych kamieni. Czas wszystek, światy wszystkie. Miłość i śmierć",Dan Simmons,,,,"Chcę przeczytać, Posiadam"
Herezjarcha,Jacek Komuda,9788375746433,,,"Chcę przeczytać, Posiadam"
"Mrok, który nas poprzedza",R. Scott Bakker,,,,"Chcę przeczytać, Posiadam"
Misja Błazna,Robin Hobb,8389004917,,,"Chcę przeczytać, Posiadam"
Obietnica krwi,Brian McClellan,9788379640607,,,"Chcę przeczytać, Posiadam"
Conan i Bóg-Pająk,L. Sprague de Camp,8370821936,,,"Chcę przeczytać, Posiadam"
Historia Nerilki,Anne McCaffrey,9788324575329,,,"Chcę przeczytać, Posiadam"
Czerwone żelazne noce,Glen Cook,8387968595,,,"Chcę przeczytać, Posiadam"
Six of Crows,Leigh Bardugo,1627792120,,,"Chcę przeczytać, Posiadam, English"
Druga Fundacja,Isaac Asimov,9788378185222,8,2024-05,"Przeczytane, Z biblioteki"
Fundacja i Ziemia,Isaac Asimov,9788373011854,7,2024-05,"Przeczytane, Z biblioteki"
Fundacja,Isaac Asimov,9788373010925,8,2024-05-01,"Przeczytane, Posiadam"
Agent Fundacji,Isaac Asimov,9788383383101,7,2024-05,"Przeczytane, Z biblioteki"
Śniadanie mistrzów,Kurt Vonnegut,9788381165815,,,"Chcę przeczytać, Posiadam"
Placówka Basilisk,David Weber,9788378188681,,,"Chcę przeczytać, Posiadam"
Wojna kwiatów,Tad Williams,83-7480-019-4,,,"Chcę przeczytać, Posiadam"
Silos,Hugh Howey,9788395889738,,,"Chcę przeczytać, Posiadam"
Zmiana,Hugh Howey,9788395889745,,,"Chcę przeczytać, Posiadam"
Wyprawa Hawkwooda,Paul Kearney,8389004585,,,Chcę przeczytać
Uczeń skrytobójcy,Robin Hobb,9788374804479,,,"Chcę przeczytać, Z biblioteki, TBR"
Okrutny wiatr,Glen Cook,9788375108385,,,"Chcę przeczytać, Posiadam"
Zagłada Czarnej Kompanii,Glen Cook,9788375105612,,,"Chcę przeczytać, Posiadam"
Księgi Południa,Glen Cook,9788375104691,,,"Chcę przeczytać, Posiadam"
Port Cieni,Glen Cook,9788380625242,,,"Chcę przeczytać, Posiadam"
Kroniki Czarnej Kompanii,Glen Cook,9788381881739,,,"Chcę przeczytać, Posiadam"
Bóg nie jest chętny,Steven Erikson,9788367023498,,,"Chcę przeczytać, Posiadam"
Z mgły zrodzony,Brandon Sanderson,9788374800808,7,2024-06-03,"Przeczytane, Z biblioteki"
Trzy stygmaty Palmera Eldritcha,Philip K. Dick,9788375109221,,,"Chcę przeczytać, Posiadam"
Czarnoksiężnik z Archipelagu,Ursula K. Le Guin,9788376484570,8,2024-05-31,"Przeczytane, Z biblioteki"
Ziemiomorze,Ursula K. Le Guin,9788378396659,,,"Chcę przeczytać, Posiadam"
Krypta Bestii,Alfred Elton van Vogt,8370012094,,,"Chcę przeczytać, Posiadam"
Miasto,Clifford D. Simak,838507998X,,,"Chcę przeczytać, Posiadam"
Barbarzyńcy - tom I,Fritz Leiber,8385202048,,,"Chcę przeczytać, Posiadam"
Bogowie Bal-Sagoth,Robert E. Howard,9788320709469,,,"Chcę przeczytać, Posiadam"
Płomień Assurbanipala,H.P. Lovecraft,8320709458,,,"Chcę przeczytać, Posiadam"
Dolina grozy,Robert E. Howard,832070894X,,,"Chcę przeczytać, Posiadam"
Randka w ciemno,Jerzy Kosiński,8385373756,,,"Chcę przeczytać, Posiadam"
Witajcie w małpiarni,Kurt Vonnegut,830802422X,,,"Chcę przeczytać, Posiadam"
Glizdawce,Orson Scott Card,83-85661-41-7,,,"Chcę przeczytać, Posiadam"
Kłopotliwy pokój,Joe Abercrombie,9788366712164,,,"Chcę przeczytać, Posiadam"
Zjawa,Michael Punke,9788379995431,,,"Chcę przeczytać, Posiadam, Inne wydanie, English"
Kamień rozstania,Tad Williams,9788375105551,,,"Chcę przeczytać, Posiadam"
Dzień Tryfidów,John Wyndham,9788379981687,,,"Chcę przeczytać, Posiadam"
W poszukiwaniu Jake’a i inne opowiadania,China Miéville,,,,"Chcę przeczytać, Posiadam"
Jaskinie,Ken Kesey,83-86611-10-3,,,"Chcę przeczytać, Posiadam"
Księga czaszek,Robert Silverberg,8370015484,,,"Chcę przeczytać, Posiadam"
Czarny koktajl i inne opowiadania,Jonathan Carroll,837120681X,,,"Chcę przeczytać, Posiadam"
Obława na Icarusa,Timothy Zahn,8372453705,,,"Chcę przeczytać, Posiadam"
Fundacja i Imperium,Isaac Asimov,9788381881647,8,2024-05-08,"Przeczytane, Posiadam, Z biblioteki"
Fundacja,Isaac Asimov,9788381883405,8,2024-05-01,"Przeczytane, Posiadam"
The Star King,Jack Vance,1619471094,,,"Chcę przeczytać, Posiadam, English"
Powtórka,Ken Grimwood,9788383381619,9,2024-04-27,"Przeczytane, Posiadam"
Koniec człowieczeństwa,C.S. Lewis,9788366748163,,,"Chcę przeczytać, Posiadam"
Filary Ziemi,Ken Follett,9788367759434,,,"Chcę przeczytać, Posiadam"
Gai-Jin,James Clavell,9788389640901,,,"Chcę przeczytać, Posiadam"
"Powiedzmy, że Piontek",Szczepan Twardoch,9788308084380,,,"Chcę przeczytać, Posiadam"
Drzwi do lata,Robert A. Heinlein,9788381880251,5,,"Przeczytane, Posiadam"
Schismatrix,Bruce Sterling,8387968161,,,"Chcę przeczytać, Posiadam"
Strumienie czasu,J. Robert King,838737654X,,,"Chcę przeczytać, Posiadam"
Wędrowiec,Lynn Abbey,8387376531,,,"Chcę przeczytać, Posiadam"
Bratobójcza Wojna,Jeff Grubb,,,,"Chcę przeczytać, Posiadam"
Ostrze burzy,Nancy Varian Berberick,,,,"Chcę przeczytać, Posiadam"
Śpiący smok. Księga I. Strażnicy płomienia,Joel Rosenberg,,,,"Chcę przeczytać, Posiadam"
Głupcy,Pat Cadigan,9788375900453,,,"Chcę przeczytać, Posiadam"
Ciemna materia,Philip Kerr,8373911057,,,"Chcę przeczytać, Posiadam"
Małe eksperymenty ze szczęściem,Hendrik Groen,9788379857432,,,"Chcę przeczytać, Posiadam"
Odmieniec,Roger Zelazny,8370016480,,,"Chcę przeczytać, Posiadam"
Koncert nieskończoności,Greg Bear,8370013643,,,"Chcę przeczytać, Posiadam"
Dalamar Mroczny,Nancy Varian Berberick,9788372988607,,,"Chcę przeczytać, Posiadam"
Mord w Tarsis,John Maddox Roberts,8372988722,,,"Chcę przeczytać, Posiadam"
Jonathan Strange i pan Norrell. Tom 1,Susanna Clarke,8308036198,,,"Chcę przeczytać, Posiadam"
Conan i najemnik,Andrew Offutt,8370823459,,,"Chcę przeczytać, Posiadam"
Mądrość tłumu,Joe Abercrombie,9788367023337,,,"Chcę przeczytać, Posiadam"
Powrót Czarnej Kompanii,Glen Cook,,,,"Chcę przeczytać, Posiadam"
Koniec dzieciństwa,Arthur C. Clarke,9788380623729,,,"Przeczytane, Posiadam"
"Szczeka, merda, mówi. Jak być najlepszym człowiekiem swojego psa",Piotr Wojtków,,,,"Chcę przeczytać, Posiadam"
Ostre cięcia. Opowieści ze świata Pierwszego Prawa,Joe Abercrombie,,,2024-04-15,Przeczytane
Gdzie wasze ciała porzucone,Philip José Farmer,,,2024-04-13,"Przeczytane, Posiadam"
Ogród Ramy,Arthur C. Clarke,9788383381381,,,"Chcę przeczytać, Posiadam"
The Outsider,Albert Camus,,,2024-04-05,"Przeczytane, Posiadam"
Lewa ręka ciemności,Ursula K. Le Guin,,6,2024-04-04,Przeczytane
Shogun,James Clavell,,10,2024-04-02,"Przeczytane, Posiadam"
Conan - Księga druga,Robert E. Howard,9788377314739,,,"Chcę przeczytać, Posiadam"
Conan - Księga pierwsza,Robert E. Howard,,,,"Chcę przeczytać, Posiadam"
Cień Anioła Śmierci,Karl Edward Wagner,8385276092,,,"Przeczytane, Posiadam"
Wichry Nocy,Karl Edward Wagner,8385276084,,,"Przeczytane, Posiadam"
Krwawnik,Karl Edward Wagner,838527605X,,,"Przeczytane, Posiadam"
2586 kroków,Andrzej Pilipiuk,978-83-60505-65-6,,,"Przeczytane, Posiadam"
Czerwona gorączka,Andrzej Pilipiuk,978-83-60505-63-2,,,"Przeczytane, Posiadam"
Idiota,Fiodor Dostojewski,9788377799796,,,"Chcę przeczytać, Posiadam"
Sternberg,Szczepan Twardoch,9788308083642,,,"Chcę przeczytać, Posiadam"
Upgrade. Wyższy poziom,Blake Crouch,9788382029581,6,2024-03-13,"Przeczytane, Posiadam"
Notatki z podziemia. Gracz,Fiodor Dostojewski,0907587682,,2024-03-10,Przeczytane
"Jak nie spieprzyć życia swojemu dziecku. Wszystko, co możesz zrobić, żeby edukacja miała sens",Mikołaj Marcela,9788328713031,,,"Przeczytane, Posiadam, Pożyczone"
Zaginiony horyzont,James Hilton,8321607713,,,"Przeczytane, Posiadam"
Archangielsk,Robert Harris,9788381255349,,,"Przeczytane, Posiadam"
12 życiowych zasad. Antidotum na chaos,Jordan Peterson,9788394631055,,,"Przeczytane, Posiadam"
Pies i klecha: Tancerz,Jarosław Urbaniuk,9788375740370,,,"Przeczytane, Posiadam"
Pies i klecha: Przeciwko wszystkim,Jarosław Urbaniuk,9788360505908,,,"Przeczytane, Posiadam"
Kacper Ryx i król przeklęty,Mariusz Wollny,,,,"Przeczytane, Posiadam"
Kacper Ryx i tyran nienawistny,Mariusz Wollny,9788375150766,,,"Przeczytane, Posiadam"
Brudnopis,Siergiej Łukjanienko,,,,"Przeczytane, Posiadam"
Liżąc ostrze,Jakub Ćwiek,,,,"Przeczytane, Posiadam"
"Kwantechizm 2.0, czyli klatka na ludzi",Andrzej Dragan,,,,"Przeczytane, Posiadam"
Zbrodnia i kara,Fiodor Dostojewski,9788377797396,,,"Przeczytane, Posiadam"
Lśnienie,Stephen King,9788383521237,,,"Przeczytane, Posiadam"
Edukacja,Malcolm XD,9788328080614,,,"Przeczytane, Posiadam"
Róże cmentarne,Marek Krajewski,9788374148542,,,"Przeczytane, Posiadam"
Demonomachia,Marek Krajewski,9788324063963,,,"Przeczytane, Posiadam"
W otchłani mroku,Marek Krajewski,9788324027774,,,"Przeczytane, Posiadam"
Rzeki Hadesu,Marek Krajewski,9788324022397,,,"Przeczytane, Posiadam"
Liczby Charona,Marek Krajewski,9788324016112,,,"Przeczytane, Posiadam"
Erynie,Marek Krajewski,9788324013609,,,"Przeczytane, Posiadam"
Głowa Minotaura,Marek Krajewski,9788374145800,,,"Przeczytane, Posiadam"
Neuromancer,William Gibson,8371500432,,,"Przeczytane, Posiadam"
Znajdź własną drogę,Robert N. Charrette,8387376027,,,"Przeczytane, Posiadam"
Wybieraj swych wrogów z rozwagą,Robert N. Charrette,0451450876,,,"Przeczytane, Posiadam"
Nigdy nie ufaj smokom,Robert N. Charrette,8387376000,,,"Przeczytane, Posiadam"
Elryk z Melniboné,Michael Moorcock,9788383350387,,,"Chcę przeczytać, Posiadam"
EVE: Era Empireum,Tony Gonzales,978-83-7506-678-4,,,"Przeczytane, Posiadam"
EVE: The Burning Life,Hjalti Daníelsson,978-0765324863,,,"Przeczytane, Posiadam, English"
Kosmiczny wilk,William King,8386758341,,,"Przeczytane, Posiadam"
Szary Łowca,William King,8386758716,,,"Przeczytane, Posiadam"
Szpon Ragnara,William King,8386758414,,,"Przeczytane, Posiadam"
Hereticus,Dan Abnett,9788361656043,,,"Przeczytane, Posiadam"
Xenos,Dan Abnett,8386758759,,,"Przeczytane, Posiadam"
Malleus,Dan Abnett,9788386758845,,,"Przeczytane, Posiadam"
Vaterland,Robert Harris,9788324576463,,,"Przeczytane, Posiadam"
Nekropolia,Dan Abnett,8386758708,,,"Przeczytane, Posiadam"
Komisarz Gaunt,Dan Abnett,8386758392,,,"Przeczytane, Posiadam"
Pierwszy i jedyny z Tanith,Dan Abnett,838675818X,,,"Przeczytane, Posiadam"
Ambasador,Graham McNeill,8386758910,,,"Przeczytane, Posiadam"
Bestia w aksamicie,Jack Yeovil,8386758295,,,"Przeczytane, Posiadam"
Rota,Dan Abnett,8386758511,,,"Przeczytane, Posiadam"
Stalowy szczur,Harry Harrison,832100931X,,,"Przeczytane, Posiadam"
Rambo III,David Morrell,8386611308,,,"Przeczytane, Posiadam"
Rambo pierwsza krew II,David Morrell,,,,"Przeczytane, Posiadam"
Rambo Pierwsza Krew,David Morrell,8386611200,,,"Przeczytane, Posiadam"
Zemsta Stalowego Szczura,Harry Harrison,8321009468,,,"Przeczytane, Posiadam"
Stalowy szczur ocala świat,Harry Harrison,8321009514,,,"Przeczytane, Posiadam"
Trucizna,Andrzej Pilipiuk,9788375747072,,,"Przeczytane, Posiadam"
Homo bimbrownikus,Andrzej Pilipiuk,9788375741889,,,"Przeczytane, Posiadam"
Wieszać każdy może,Andrzej Pilipiuk,,,,"Przeczytane, Posiadam"
Zagadka Kuby Rozpruwacza,Andrzej Pilipiuk,,,,"Przeczytane, Posiadam"
Weźmisz czarno kure...,Andrzej Pilipiuk,9788375745610,,,"Przeczytane, Posiadam"
Czarownik Iwanow,Andrzej Pilipiuk,8389011042,,,"Przeczytane, Posiadam"
Kroniki Jakuba Wędrowycza,Andrzej Pilipiuk,8389011026,,,"Przeczytane, Posiadam"
Triumf lisa Reinicke,Andrzej Pilipiuk,9788375741315,,,"Przeczytane, Posiadam"
Pan Wilków,Andrzej Pilipiuk,9788375740691,,,"Przeczytane, Posiadam"
Drewniana Twierdza,Andrzej Pilipiuk,9788375740844,,,"Przeczytane, Posiadam"
Srebrna Łania z Visby,Andrzej Pilipiuk,9788375740165,,,"Przeczytane, Posiadam"
Droga do Nidaros,Andrzej Pilipiuk,9788360505670,,,"Przeczytane, Posiadam"
Dzienny patrol,Siergiej Łukjanienko,9788374801003,,,"Przeczytane, Posiadam"
Patrol zmroku,Siergiej Łukjanienko,9788374800471,,,"Przeczytane, Posiadam"
Ostatni patrol,Siergiej Łukjanienko,9788374800631,,,"Przeczytane, Posiadam"
Ciemność płonie,Jakub Ćwiek,9788375740325,,,"Przeczytane, Posiadam"
Błędy,Jakub Małecki,9788360504550,,,"Przeczytane, Posiadam"
Męska sprawa,Marek Kędzierski,9788360504468,,,"Przeczytane, Posiadam"
Planeta zła,Robert Sheckley,8385079440,,,"Przeczytane, Posiadam"
Świat Rocannona,Ursula K. Le Guin,8385079416,,,"Przeczytane, Posiadam"
Planeta wygnania,Ursula K. Le Guin,8385079505,,,"Przeczytane, Posiadam"
Pajęczyna utkana z ciemności,Karl Edward Wagner,8385079963,,,"Przeczytane, Posiadam"
Mroczna krucjata,Karl Edward Wagner,8385276114,,,"Chcę przeczytać, Posiadam"
Conan Wyzwoliciel,L. Sprague de Camp,8370821944,,,"Przeczytane, Posiadam"
Conan: Droga demona,Robert Jordan,8390313642,,,"Przeczytane, Posiadam"
Conan niezwyciężony,Robert Jordan,8370821952,,,"Przeczytane, Posiadam"
Gra Endera,Orson Scott Card,837469095X,,,"Przeczytane, Posiadam"
Widmo,Robert Faulcon,8385202072,,,"Przeczytane, Posiadam"
O krok,Henning Mankell,9788374141734,,,"Przeczytane, Posiadam"
Za garść czerwońców,Robert Foryś,9788375780185,,,"Przeczytane, Posiadam"
Morderstwo pod cenzurą,Marcin Wroński,9788360504956,,,"Przeczytane, Posiadam"
A na imię jej będzie Aniela,Marcin Wroński,9788374149099,,,"Przeczytane, Posiadam"
Kino Venus,Marcin Wroński,9788360504499,,,"Przeczytane, Posiadam"
Morfina,Szczepan Twardoch,9788308050118,,,"Przeczytane, Posiadam"
Król,Szczepan Twardoch,9788308062241,,,"Przeczytane, Posiadam"
Przystanek Śmierć,Tomasz Konatkowski,9788374148573,,,"Przeczytane, Posiadam"
Błaganie o śmierć,Marek Krajewski,9788324065646,,,"Przeczytane, Posiadam"
Diabeł stróż,Marek Krajewski,9788324063277,,,"Przeczytane, Posiadam"
Moloch,Marek Krajewski,9788324060993,,,"Przeczytane, Posiadam"
Mock. Golem,Marek Krajewski,9788324059119,,,"Przeczytane, Posiadam"
Mock. Pojedynek,Marek Krajewski,9788324054190,,,"Przeczytane, Posiadam"
Mock. Ludzkie zoo,Marek Krajewski,9788324049684,,,"Przeczytane, Posiadam"
Mock,Marek Krajewski,9788324043293,,,"Przeczytane, Posiadam"
Dżuma w Breslau,Marek Krajewski,9788374143431,,,"Przeczytane, Posiadam"
Festung Breslau,Marek Krajewski,9788374143622,,,"Przeczytane, Posiadam"
Widma w mieście Breslau,Marek Krajewski,8374141158,,,"Przeczytane, Posiadam"
Koniec świata w Breslau,Marek Krajewski,9788374142441,,,"Przeczytane, Posiadam"
Śmierć w Breslau,Marek Krajewski,8373844252,,,"Przeczytane, Posiadam"
Czarny bukiet,Richard Lee Byers,8374181311,,,"Przeczytane, Posiadam, Forgotten Realms"
W czeluście ziemi,Paul Kidd,8374180420,,,"Przeczytane, Posiadam"
Świątynia Złych Żywiołów,Thomas M. Reid,8388916602,,,"Przeczytane, Posiadam"
Królowa Pajęczych Otchłani,Paul Kidd,8388916599,,,"Przeczytane, Posiadam"
Góra Białego Pióropusza,Paul Kidd,8374180412,,,"Przeczytane, Posiadam"
Strażnica na Pograniczu,Ru Emerson,8388916858,,,"Przeczytane, Posiadam"
Herezjarcha,Jacek Komuda,9788375740066,,,"Przeczytane, Posiadam"
Tamta strona czasu,Eugeniusz Dębski,9788375740219,,,"Przeczytane, Posiadam"
Ostatnia przygoda,Eugeniusz Dębski,9788375740417,,,"Przeczytane, Posiadam"
Tamta strona świata,Eugeniusz Dębski,9788375740097,,,"Przeczytane, Posiadam"
Dziecię boże,Cormac McCarthy,9788308043332,,,"Przeczytane, Posiadam"
Kłamca 3. Ochłap sztandaru,Jakub Ćwiek,,,,"Przeczytane, Posiadam"
Kłamca 2. Bóg marnotrawny,Jakub Ćwiek,,,,"Przeczytane, Posiadam"
Kłamca. Writer's cut,Jakub Ćwiek,9788381292788,,,"Przeczytane, Posiadam"
Upadłe anioły,Richard Morgan,,,,"Przeczytane, Posiadam"
Rok 1984,George Orwell,,,,"Przeczytane, Posiadam"
Endymion,Dan Simmons,9788374809009,,,"Przeczytane, Posiadam"
Diuna,Frank Herbert,9788381884105,,,"Przeczytane, Posiadam"
Nowy dom,Robert Anthony Salvatore,9788374181020,,,"Przeczytane, Posiadam, Forgotten Realms"
Wygnanie,Robert Anthony Salvatore,837418101X,,,"Przeczytane, Posiadam, Forgotten Realms"
Ojczyzna,Robert Anthony Salvatore,8374181001,,,"Przeczytane, Posiadam, Forgotten Realms"
Karabiny Avalonu,Roger Zelazny,8371506406,,,"Przeczytane, Posiadam"
Dziewięciu książąt Amberu,Roger Zelazny,8320714605,,,"Przeczytane, Posiadam"
Modyfikowany węgiel,Richard Morgan,9788374808897,,,"Przeczytane, Posiadam"
Projekt Hail Mary,Andy Weir,9788328716803,9,2024-03-09,"Przeczytane, Posiadam"
Bohaterowie,Joe Abercrombie,9788374806657,8,2024-03-02,"Przeczytane, Posiadam"
Król szczurów,James Clavell,,,,"Chcę przeczytać, Posiadam"
Rekursja,Blake Crouch,,,,"Chcę przeczytać, Posiadam"
Zemsta najlepiej smakuje na zimno,Joe Abercrombie,,,2024-02-12,"Przeczytane, Posiadam"
Czarna Kompania,Glen Cook,8373010718,,2024-02-01,Przeczytane
Ostateczny argument,Joe Abercrombie,,9,2024-01-26,"Przeczytane, Posiadam"
Książę,Niccolò Machiavelli,,,,"Chcę przeczytać, Posiadam"
Archipelag GUŁag 1918-1956. Tom 3,Aleksandr Sołżenicyn,9788375103021,,,"Chcę przeczytać, Posiadam"
Archipelag GUŁag 1918-1956. Tom 2,Aleksandr Sołżenicyn,,,,"Chcę przeczytać, Posiadam"
Archipelag GUŁag 1918-1956. Tom 1,Aleksandr Sołżenicyn,,,,"Chcę przeczytać, Posiadam"
Nim zawisną,Joe Abercrombie,,8,2024-01-06,"Przeczytane, Posiadam"
Fionavarski gobelin,Guy Gavriel Kay,9788375067255,,,"Chcę przeczytać, Posiadam"
Szlachetny,Dixie Lee McKeone,8371205716,,,"Chcę przeczytać, Posiadam"
Żelazny tron,Simon Hawke,8371204930,,,"Chcę przeczytać, Posiadam"
Kapitan KND,Rick Shelley,9788372988119,,,"Chcę przeczytać, Posiadam"
Slan,Alfred Elton van Vogt,8370012256,,,"Chcę przeczytać, Posiadam"
Niebiosa Pern,Anne McCaffrey,9788324577682,,,"Chcę przeczytać, Posiadam"
Żołnierze kosmosu,Robert A. Heinlein,9788367353489,,2023-07,"Przeczytane, Posiadam"
Ostrze,Joe Abercrombie,9788367793131,8,2023-12-16,"Przeczytane, Posiadam"
Historia polityczna Polski 1989-2023,Antoni Dudek,9788367450805,,,"Chcę przeczytać, Posiadam"
Wieczna wolność,Joe Haldeman,9788381882798,,,"Chcę przeczytać, Posiadam"
We wnętrzu Ziemi,Edgar Rice Burroughs,9788375902686,,,"Chcę przeczytać, Buylist"
Bogowie Pegāny i inne opowieści fantastyczne,Lord Dunsany,9788377314692,,,"Chcę przeczytać, Posiadam"
Księżniczka Marsa,Edgar Rice Burroughs,,,,"Chcę przeczytać, Buylist"
Prądy przestrzeni,Isaac Asimov,,,,"Chcę przeczytać, Posiadam"
Przez mgły i morza,Fritz Leiber,,,,"Chcę przeczytać, Posiadam"
Gray Man,Mark Greaney,9788367195379,,,"Chcę przeczytać, Posiadam"
Inwazja porywaczy ciał,Jack Finney,,,2023-11-26,"Przeczytane, Posiadam"
Nagi Bóg: Wiara,Peter F. Hamilton,,,2023-11-21,"Przeczytane, Posiadam"
Pierwszy Lensman,Edward Elmer Smith,,,2023-10,"Przeczytane, Posiadam"
Trójplanetarni,Edward Elmer Smith,9788375901085,,2023-10-23,"Przeczytane, Posiadam"
Billy Summers,Stephen King,9788382342154,,2022,"Przeczytane, Posiadam"
EVE: Templar One,Tony Gonzales,978-0765326195,,,"Chcę przeczytać, Posiadam, English"
Imperium,Graham McNeill,9788361656456,,,"Chcę przeczytać, Posiadam"
Intruz,Fredric Brown,8370822053,,2023,"Przeczytane, Posiadam"
Prawdziwy wyznawca,Jack Carr,9788381439114,,2022-09,"Przeczytane, Posiadam"
Pastrami,Malcolm XD,9788328071582,,2019,"Przeczytane, Posiadam"
Emigracja,Malcolm XD,9788328066373,,2019,"Przeczytane, Posiadam"
Stacja pośrednia,Clifford D. Simak,9788382026375,,2023-11-25,"Przeczytane, Posiadam"
Nagi bóg: Wyprawa,Peter F. Hamilton,9788375061154,,2023-11-17,"Przeczytane, Posiadam"
Czerwony Mars,Kim Stanley Robinson,9788377314784,,,"Chcę przeczytać, Posiadam"
Jankes w Rzymie,L. Sprague de Camp,8370014488,,,"Chcę przeczytać, Posiadam"
Cormyr,Jeff Grubb,838737671X,,,"Chcę przeczytać, Posiadam, Inne wydanie, English"
Borderlands: Unconquered,John Shirley,1439198527,,,"Chcę przeczytać, Posiadam, English"
Deus Ex: Icarus Effect,James Swallow,9780345523594,,,"Chcę przeczytać, Posiadam, English"
The Lost,Dan Abnett,9781844168187,,,"Chcę przeczytać, Posiadam, English"
Ravenor: The Omnibus,Dan Abnett,1844167364,,,"Chcę przeczytać, Posiadam, Inne wydanie, English"
Salamander,Nick Kyme,,,,"Chcę przeczytać, Posiadam, English"
Mitologia nordycka,Neil Gaiman,,,,"Chcę przeczytać, Posiadam"
Ostemplowane gwiazdy,Andre Norton,,,,"Chcę przeczytać, Buylist"
Matadora,Steve Perry,9788375741155,,,"Chcę przeczytać, Posiadam"
Smok w mieczu,Michael Moorcock,8385091068,,,"Chcę przeczytać, Posiadam"
Pieprzony los kataryniarza,Rafał Ziemkiewicz,8370540937,,,"Chcę przeczytać, Posiadam"
Czarny Graal,Damien Broderick,9788385175056,,,"Chcę przeczytać, Posiadam"
Opowieści nieprawdopodobne,Edgar Allan Poe,8386962178,,,"Chcę przeczytać, Posiadam"
Drakula,Bram Stoker,9788381399654,,,"Chcę przeczytać, Posiadam, Inne wydanie"
Kreks,Andrzej Krzepkowski,,,,"Chcę przeczytać, Posiadam"
Podróż do Centrum,Brian Stableford,838517513X,,,"Chcę przeczytać, Posiadam"
Solaris,Stanisław Lem,9782070422395,,,"Chcę przeczytać, Posiadam"
Gwiezdne szczenię,Jacek Izworski,8303013092,,,"Chcę przeczytać, Posiadam"
Bezkresna ciemność,Christopher Ruocchio,9788381884037,,,"Chcę przeczytać, Posiadam"
Imperium ciszy,Christopher Ruocchio,9788380625068,,,"Chcę przeczytać, Posiadam"
Upadek Hyperiona,Dan Simmons,9788374805841,,2022,"Przeczytane, Posiadam"
Hyperion,Dan Simmons,9788374805575,9,2022,"Przeczytane, Posiadam"
Czas jest najprostszą rzeczą,Clifford D. Simak,9788381885485,,2022,"Przeczytane, Posiadam"
Gwiazdy moim przeznaczeniem,Alfred Bester,9788381880688,,2022,"Przeczytane, Posiadam"
Osa,Eric Frank Russell,9788381883207,,2023-10,"Przeczytane, Posiadam"
Koko,Peter Straub,9788367353120,,,"Chcę przeczytać, Posiadam"
Gwardia Honorowa,Dan Abnett,,,,"Chcę przeczytać, Posiadam"
Zabójca szamanów,Nathan Long,9788361656159,,,"Chcę przeczytać, Posiadam"
Zabójca elfów,Nathan Long,,,,"Chcę przeczytać, Posiadam"
Zabójca ludzi,Nathan Long,9788386759002,,,"Chcę przeczytać, Posiadam"
Zabójca orków,Nathan Long,9788386758876,,,"Chcę przeczytać, Posiadam"
Zabójca Gigantów,William King,8386758465,,,"Chcę przeczytać, Posiadam"
Zabójca wampirów,William King,8386758317,,,"Chcę przeczytać, Posiadam"
Zabójca bestii,William King,8386758287,,,"Chcę przeczytać, Posiadam"
Zabójca smoków,William King,8386758228,,,"Chcę przeczytać, Posiadam"
Przygody Gotreka i Felixa - Omnibus I,John Brunner,9788382320909,,,"Chcę przeczytać, Posiadam"
Kłamliwi Bogowie,Graham McNeill,9788361656135,,,"Chcę przeczytać, Posiadam"
Wywyższenie Horusa,Dan Abnett,9788386758937,,,"Chcę przeczytać, Posiadam"
Galaktyka w ogniu,Ben Counter,9788375746273,,,"Chcę przeczytać, Posiadam"
Młotodzierżca,Graham McNeill,9788361656081,,,"Chcę przeczytać, Buylist"
Tropiciel Czarownic,C. L. Werner,,,,"Chcę przeczytać, Buylist"
Zabójca czarownic,C. L. Werner,,,,"Chcę przeczytać, Posiadam"
Łowca Czarownic,C. L. Werner,,,,"Chcę przeczytać, Posiadam"
Piętno potępienia,James Wallis,,,,"Chcę przeczytać, Posiadam"
Conan Barbarzyńca,Robert E. Howard,,,,"Chcę przeczytać, Posiadam"
Ognie niebios,Robert Jordan,,,,"Chcę przeczytać, Posiadam, Oko Świata"
Wschodzący cień,Robert Jordan,,,,"Chcę przeczytać, Posiadam, Oko Świata"
Atomowy szpieg. Ryszard Kukliński i wojna wywiadów,Sławomir Cenckiewicz,,,,"Chcę przeczytać, Posiadam"
Historia,Sławomir Cenckiewicz,9788375658231,,,"Chcę przeczytać, Posiadam"
Transformacja,Sławomir Cenckiewicz,9788375657975,,,"Chcę przeczytać, Posiadam"
Agentura,Sławomir Cenckiewicz,9788375657760,,,"Chcę przeczytać, Posiadam"
Gorączka 2,Meg Gardiner,9788327688552,,,"Chcę przeczytać, Posiadam"
Lista śmierci,Jack Carr,9788381438841,,,"Chcę przeczytać, Posiadam"
Polowanie na Czerwony Październik,Tom Clancy,83-85085-15-7,,,"Chcę przeczytać, Posiadam"
Suma wszystkich strachów,Tom Clancy,9788376701622,,,"Chcę przeczytać, Posiadam"
Poszukiwany żywy lub martwy,Tom Clancy,9788376702780,,,"Chcę przeczytać, Posiadam"
Czas patriotów,Tom Clancy,9788324057009,,,"Chcę przeczytać, Posiadam"
Milczenie owiec,Thomas Harris,9788381106733,,,"Chcę przeczytać, Posiadam"
Monachium,Robert Harris,9788381251778,,,"Chcę przeczytać, Posiadam"
Hieny cmentarne,Marek Oramus,8321607241,,,"Chcę przeczytać, Posiadam"
Gateway. Brama do gwiazd,Frederik Pohl,837001111X,,,"Chcę przeczytać, Posiadam"
Pan Światła,Roger Zelazny,,,,"Chcę przeczytać, Posiadam"
Fantastyczna podróż,Isaac Asimov,,,,"Chcę przeczytać, Posiadam"
Katedra,Jacek Dukaj,9788308064559,,,"Chcę przeczytać, Posiadam"
Nekroskop 4: Mowa Umarłych,Brian Lumley,,,,"Chcę przeczytać, Posiadam"
Źródło,Brian Lumley,9788379984305,,,"Chcę przeczytać, Posiadam"
Wampiry,Brian Lumley,9788379984237,,,"Chcę przeczytać, Posiadam"
Nekroskop,Brian Lumley,,,2023-08,"Przeczytane, Posiadam"
Planeta Śmierci 2,Harry Harrison,8370340229,,,"Chcę przeczytać, Posiadam, Inne wydanie"
Gwiazda,Arthur C. Clarke,8320711746,,,"Chcę przeczytać, Posiadam"
Wielki Marsz,Richard Bachman,9788376483009,,2023,"Przeczytane, Posiadam, Pożyczone"
Szkieletowa załoga,Stephen King,9788382953596,,,"Chcę przeczytać, Posiadam"
Instytut,Stephen King,9788381257312,,,"Chcę przeczytać, Posiadam"
Przestwór nieba,David Brin,9788375066999,,,"Chcę przeczytać, Posiadam"
Szlak chwały,Robert A. Heinlein,8385432922,,,"Chcę przeczytać, Posiadam"
Władcy marionetek,Robert A. Heinlein,8385276866,,,"Chcę przeczytać, Posiadam"
Grimm City. Wilk!,Jakub Ćwiek,9788379246014,,,"Chcę przeczytać, Posiadam"
Kroniki marsjańskie,Ray Bradbury,8389651696,,,"Chcę przeczytać, Posiadam"
Cyberpunk. Odrodzenie,Andrzej Ziemiański,,,,"Chcę przeczytać, Posiadam"
Poza porządek. Kolejne 12 życiowych zasad,Jordan Peterson,9788396049827,,,"Chcę przeczytać, Posiadam"
Świat bez końca,Ken Follett,978-83-7659-125-4,,,"Chcę przeczytać, Posiadam"
Głosy z ulicy,Philip K. Dick,978-83-7510-070-9,,,"Chcę przeczytać, Posiadam"
Mój własny diabeł,Mike Carey,9788374800815,,,"Chcę przeczytać, Posiadam"
Niech stanie się światłość,Ken Follett,9788382150926,,,"Chcę przeczytać, Posiadam"
Operacja Dzień Wskrzeszenia,Andrzej Pilipiuk,9788389011886,,,"Chcę przeczytać, Posiadam"
Sowie zwierciadło,Andrzej Pilipiuk,9788379640553,,,"Chcę przeczytać, Buylist"
Sfera armilarna,Andrzej Pilipiuk,9788375744811,,,"Chcę przeczytać, Posiadam"
Apokalipsa według Pana Jana,Robert J. Szmidt,978-83-7574-008-0,,,"Chcę przeczytać, Posiadam"
Na zachód od Edenu,Harry Harrison,8385432914,,,"Chcę przeczytać, Posiadam"
Roland,Stephen King,9788365781314,,,"Chcę przeczytać, Posiadam"
Mówca umarłych,Orson Scott Card,9788376483443,,,"Chcę przeczytać, Posiadam"
Sztuka wojny,Zi Sun,9788324663910,,,"Chcę przeczytać, Posiadam"
48 Praw Władzy. Jak wykorzystać manipulację do osiągnięcia przewagi,Robert Greene,9788382527872,,,"Chcę przeczytać, Posiadam"
Nie ma tego Złego,Marcin Mortka,9788382101782,,,"Chcę przeczytać, Posiadam"
Warcraft: Durotan,Christie Golden,9788365315397,,,"Chcę przeczytać, Posiadam"
Nexus Początek,Jason M. Hough,9788365743039,,,"Chcę przeczytać, Posiadam"
Diablo III: Nawałnica światła,Nate Kenyon,9788363944407,,,"Chcę przeczytać, Posiadam"
Hitman: Potępienie,Raymond Benson,978-83-240-2290-8,,,"Chcę przeczytać, Posiadam"
Assassin's Creed: Bractwo,Oliver Bowden,9788361428374,,,"Chcę przeczytać, Posiadam"
Assassin's Creed: Renesans,Oliver Bowden,9788361428329,,,"Chcę przeczytać, Posiadam"
Zaśpiewaj mi kołysankę,Ryszard Ćwirlej,9788366553491,,,"Chcę przeczytać, Posiadam"
Mrok nad Tokyoramą,Robert J. Szmidt,9788324077977,,,"Chcę przeczytać, Posiadam"
Obłęd rotmistrza von Egern,Szczepan Twardoch,83-89011-23-9,,,"Chcę przeczytać, Posiadam"
Zapach szkła,Andrzej Ziemiański,978-83-60505-96-0,,,"Chcę przeczytać, Posiadam"
Ostatni śnieg,Rafał Pacześ,9788326839177,,2022,"Przeczytane, Posiadam"
Grube wióry,Rafał Pacześ,9788326845918,,2020,"Przeczytane, Posiadam"
Ręka mistrza,Stephen King,9788376480459,,,"Chcę przeczytać, Posiadam"
Zemsta Manitou,Graham Masterton,9788381885447,,,"Chcę przeczytać, Posiadam"
Manitou,Graham Masterton,9788381885317,,2023-04,"Przeczytane, Posiadam"
Zobaczyć Lankmar i umrzeć,Fritz Leiber,8388431145,,,"Chcę przeczytać, Posiadam"
Świat czarownic,Andre Norton,8385079424,,,"Chcę przeczytać, Buylist"
Troje przeciw światu czarownic,Andre Norton,8385079513,,,"Chcę przeczytać, Posiadam"
Świat Czarownic w pułapce,Andre Norton,8385079459,,,"Chcę przeczytać, Posiadam"
Conan wojownik,Robert E. Howard,,,,"Chcę przeczytać, Posiadam"
Conan pirat,Robert E. Howard,8385264027,,,"Chcę przeczytać, Posiadam"
Conan złoczyńca,John Maddox Roberts,8371697228,,,"Chcę przeczytać, Posiadam"
Conan z Czerwonego Bractwa,Leonard Carpenter,837082675X,,,"Chcę przeczytać, Posiadam"
Conan prowokator,Steve Perry,837082479X,,,"Chcę przeczytać, Posiadam"
Kawaler mieczy,Michael Moorcock,837082241X,,,"Chcę przeczytać, Posiadam"
Amulet szalonego boga,Michael Moorcock,8385079947,,,"Chcę przeczytać, Posiadam"
Klejnot w czaszce,Michael Moorcock,,,,"Chcę przeczytać, Posiadam"
W blasku księżyca,Lian Hearn,8374142413,,,"Chcę przeczytać, Posiadam"
Agent Fundacji,Isaac Asimov,8321009263,,,"Chcę przeczytać, Posiadam"
Druga Fundacja,Isaac Asimov,8321008194,,,"Chcę przeczytać, Posiadam"
Święty Leibowitz i dzikokonna,Walter Miller,83-7150-505-1,,,"Chcę przeczytać, Posiadam"
Kantyk dla Leibowitza,Walter Miller,83-7150-383-0,,,"Chcę przeczytać, Posiadam"
Kolor magii,Terry Pratchett,8373377263,,,"Chcę przeczytać, Posiadam"
Świątynia,Robert Faulcon,8385202617,,,"Chcę przeczytać, Buylist"
Labirynt,Robert Faulcon,8385696083,,,"Chcę przeczytać, Buylist"
Przekleństwo,Robert Faulcon,8385202528,,,"Chcę przeczytać, Posiadam"
Taniec ducha,Robert Faulcon,8385202528,,,"Chcę przeczytać, Posiadam"
Talizman,Robert Faulcon,8385202226,,,"Chcę przeczytać, Posiadam"
Wojna światów. Nowe tysiąclecie,Douglas Niles,9788372988874,,,"Chcę przeczytać, Posiadam"
Exodus z Długiego Słońca,Gene Wolfe,8387968773,,,"Chcę przeczytać, Buylist"
Jezioro Długiego Słońca,Gene Wolfe,8387968552,,,"Chcę przeczytać, Posiadam"
Caldé Długiego Słońca,Gene Wolfe,8387968560,,,"Chcę przeczytać, Posiadam"
Ciemna strona Długiego Słońca,Gene Wolfe,8386572841,,,"Chcę przeczytać, Posiadam"
Pierwszy śnieg,Jo Nesbø,9788324589883,,,"Chcę przeczytać, Posiadam"
Smoczy tron,Tad Williams,83-7301-006-8,,,"Chcę przeczytać, Posiadam"
Miasteczko Castleview,Gene Wolfe,83-86572-07-8,6,2023,"Przeczytane, Posiadam"
"Zbrodniarz, który ukradł zbrodnię + Uderzenie",Krzysztof Kąkolewski,9788375062588,,,"Chcę przeczytać, Posiadam"
Sztejer. Gdzie miecze poniosą,Robert Foryś,9788366955400,,,"Chcę przeczytać, Posiadam"
Zabójca mimo woli,Aleksandra Marinina,9788374146357,,,"Chcę przeczytać, Posiadam"
Szurmo,Jean-Claude Izzo,9788374143646,,,"Chcę przeczytać, Posiadam"
Świadek mimo woli,Gianrico Carofiglio,9788374146388,,,"Chcę przeczytać, Posiadam"
Zamęt,Vincent V. Severski,9788380159990,,,"Chcę przeczytać, Posiadam"
Bramy strachu,Andrzej Ziemiański,8373844465,,,"Chcę przeczytać, Posiadam"
Bracia Hioba,Rebecca Gablé,9788361989974,,,"Chcę przeczytać, Posiadam"
Z zimną krwią,Robert Foryś,9788375745870,,,"Chcę przeczytać, Posiadam"
Ostatni dzień lipca,Bartłomiej Rychter,9788377477373,,,"Chcę przeczytać, Posiadam"
Ślepnąc od świateł,Jakub Żulczyk,9788381391733,,,"Chcę przeczytać, Posiadam"
Ballada o pewnej panience,Szczepan Twardoch,9788308064337,,,"Chcę przeczytać, Posiadam"
Drach,Szczepan Twardoch,9788308054314,,,"Chcę przeczytać, Posiadam"
Królestwo,Szczepan Twardoch,9788308068007,,,"Chcę przeczytać, Posiadam"
Epifania Wikarego Trzaski,Szczepan Twardoch,8373846921,,,"Chcę przeczytać, Posiadam"
1632,Eric Flint,9788381166508,,,"Chcę przeczytać, Posiadam"
Marsjanin,Andy Weir,9788328729452,,,"Chcę przeczytać, Posiadam"
Pasożyt,Marek Krajewski,9788324066674,,,"Chcę przeczytać, Posiadam"
Czas zdrajców,Marek Krajewski,9788324064373,,,"Chcę przeczytać, Posiadam"
Miasto szpiegów,Marek Krajewski,9788324062300,,,"Chcę przeczytać, Posiadam"
Pomocnik kata,Marek Krajewski,9788324060238,,,"Chcę przeczytać, Posiadam"
Dziewczyna o czterech palcach,Marek Krajewski,,,,"Chcę przeczytać, Posiadam"
Zew Cthulhu,H.P. Lovecraft,,,,"Chcę przeczytać, Posiadam"
Zgroza w Dunwich i inne przerażające opowieści,H.P. Lovecraft,9788377310984,,,"Chcę przeczytać, Posiadam"
Sześć światów Hain,Ursula K. Le Guin,,,,"Chcę przeczytać, Posiadam"
Książę Kruków,Robert Jordan,,,,"Chcę przeczytać, Posiadam, Oko Świata"
Gilotyna marzeń,Robert Jordan,,,,"Chcę przeczytać, Posiadam, Oko Świata"
Czarna wieża,Robert Jordan,,,,"Chcę przeczytać, Posiadam, Oko Świata"
Triumf chaosu,Robert Jordan,,,,"Chcę przeczytać, Posiadam, Oko Świata"
Smok Odrodzony,Robert Jordan,9788375069396,,,"Chcę przeczytać, Posiadam, Oko Świata"
Wielkie polowanie,Robert Jordan,8372981817,,,"Chcę przeczytać, Posiadam, Oko Świata"
Oko Świata tom 2,Robert Jordan,8386211334,,,"Chcę przeczytać, Posiadam, Oko Świata"
Oko Świata część 1,Robert Jordan,8386211164,,,"Chcę przeczytać, Posiadam, Oko Świata"
Nowa wiosna,Robert Jordan,8372988692,,,"Chcę przeczytać, Posiadam, Oko Świata"
Morze piasków,Troy Denning,8387376108,,,"Chcę przeczytać, Posiadam, Forgotten Realms"
Nieumarli,T. H. Lain,8388916769,,,"Chcę przeczytać, Posiadam"
Klejnot Halflinga,Robert Anthony Salvatore,8387376795,,,"Chcę przeczytać, Posiadam, Forgotten Realms"
Strumienie srebra,Robert Anthony Salvatore,8387376787,,,"Chcę przeczytać, Posiadam, Forgotten Realms"
Kryształowy relikt,Robert Anthony Salvatore,8387376779,,,"Chcę przeczytać, Posiadam, Forgotten Realms"
Alabastrowa laska,Edward Bolme,837418034X,,,"Chcę przeczytać, Posiadam, Forgotten Realms"
Sadzawka Blasku: ruiny Myth Drannor,Carrie Bebris,8388916262,,,"Chcę przeczytać, Posiadam, Forgotten Realms"
Krainy Podmroku,Elaine Cunningham,8387376140,,,"Chcę przeczytać, Posiadam, Forgotten Realms"
Krainy Magii,Robert Anthony Salvatore,8387376922,,,"Chcę przeczytać, Posiadam, Forgotten Realms"
Krainy Chwały,Robert Anthony Salvatore,8388916564,,,"Chcę przeczytać, Posiadam, Forgotten Realms"
Pierścień zimy,James Lowder,9788374181174,,,"Chcę przeczytać, Posiadam, Forgotten Realms"
Córka Mrocznego Elfa,Elaine Cunningham,8387376167,,,"Chcę przeczytać, Posiadam, Forgotten Realms"
Torujący Drogi,Elaine Cunningham,8374180455,,,"Chcę przeczytać, Posiadam, Forgotten Realms"
Splątane sieci,Elaine Cunningham,8387376175,,,"Chcę przeczytać, Posiadam, Forgotten Realms"
Sługa Reliktu,Robert Anthony Salvatore,9788374181334,,,"Chcę przeczytać, Posiadam, Forgotten Realms"
Twierdza,F. Paul Wilson,9788377313473,8,2023-08,"Przeczytane, Posiadam"
Pan Ciemności,Robert Silverberg,9788377314234,,,"Chcę przeczytać, Posiadam"
Bastion,Stephen King,9788381253888,,2022-12,"Przeczytane, Posiadam, Pożyczone"
Władca pierścieni,J.R.R. Tolkien,9788377584552,,,Chcę przeczytać
Kwantowy złodziej,Hannu Rajaniemi,9788374808781,,,"Chcę przeczytać, Posiadam"
Dzień tryfidów,John Wyndham,8320713471,,,"Chcę przeczytać, Posiadam"
Kłopoty z nieśmiertelnością,John Wyndham,9788385227175,,,"Chcę przeczytać, Posiadam"
Wiosna Helikonii,Brian W. Aldiss,8320712041,,,Chcę przeczytać
Zima Helikonii,Brian W. Aldiss,8320713811,,,"Chcę przeczytać, Posiadam"
Triumf czasu,James Blish,8370826148,,,"Chcę przeczytać, Posiadam"
"Gdzie jest twój dom, Ziemianinie?",James Blish,8370823505,,,"Chcę przeczytać, Buylist"
Będą im świecić gwiazdy,James Blish,8370823483,,,"Chcę przeczytać, Buylist"
Życie wśród gwiazd,James Blish,8370823696,,,"Chcę przeczytać, Posiadam"
Autostopem przez galaktykę,Douglas Adams,8371501617,,,"Chcę przeczytać, Posiadam"
Żołnierz Arete,Gene Wolfe,8370753531,,,"Chcę przeczytać, Posiadam"
Żołnierz z mgły,Gene Wolfe,8385432779,,,"Chcę przeczytać, Posiadam"
Ku gwiazdom,Harry Harrison,8385432337,,,"Chcę przeczytać, Posiadam"
Wojenne łupy,Alan Dean Foster,8371695985,,,"Chcę przeczytać, Buylist"
Krzywe zwierciadło,Alan Dean Foster,8371692269,,,"Chcę przeczytać, Posiadam"
Sojusznicy,Alan Dean Foster,8371691602,,,"Chcę przeczytać, Posiadam"
Straceńcza misja,Timothy Zahn,8371690177,,,"Chcę przeczytać, Posiadam"
Dziedzictwo Zdobywców,Timothy Zahn,8371692005,,,"Chcę przeczytać, Posiadam"
Duma Zdobywców,Timothy Zahn,8371690878,,,"Chcę przeczytać, Posiadam"
Śmiertelny lot,Guy N. Smith,8385432612,,,"Chcę przeczytać, Posiadam"
Mroczny wzór,Philip José Farmer,9788374800969,,,"Chcę przeczytać, Posiadam"
Najwspanialszy parostatek,Philip José Farmer,9788374800990,,,"Chcę przeczytać, Posiadam"
Tytan,Ben Bova,9788389951489,,,"Chcę przeczytać, Posiadam"
Skalne Szczury,Ben Bova,8388431641,,,"Chcę przeczytać, Posiadam"
Mars,Ben Bova,8388431595,,,"Chcę przeczytać, Posiadam"
Powersat. Satelita energetyczny,Ben Bova,9788389951496,,,"Chcę przeczytać, Posiadam"
Wojna z Rullami,Alfred Elton van Vogt,8372452911,,,"Chcę przeczytać, Posiadam"
Ścieżka bohatera,Dave Wolverton,8371699328,,,"Chcę przeczytać, Posiadam"
Łowy na węże morskie,Dave Wolverton,8371697368,,,"Chcę przeczytać, Posiadam"
Lot pegaza,Anne McCaffrey,9788371201882,,,"Chcę przeczytać, Posiadam"
Kiedy zawodzi grawitacja,George Alec Effinger,,,,"Chcę przeczytać, Posiadam"
Jeśli z Faustem ci się nie uda,Roger Zelazny,,,,"Chcę przeczytać, Posiadam"
Przynieście mi głowę księcia,Roger Zelazny,8386530456,,,"Chcę przeczytać, Posiadam"
Dym i lustra,Neil Gaiman,,,,"Chcę przeczytać, Posiadam"
Cmentarna planeta,Clifford D. Simak,,,,"Chcę przeczytać, Posiadam"
Dzieci naszych dzieci,Clifford D. Simak,,,,"Chcę przeczytać, Posiadam"
W pułapce czasu,Clifford D. Simak,8385309357,,,"Chcę przeczytać, Posiadam"
Czarnoksiężnik,Gene Wolfe,8324586636,,,"Chcę przeczytać, Posiadam"
Rycerz,Gene Wolfe,9788324585199,,,"Chcę przeczytać, Posiadam"
Nieustraszony,Jack Campbell,978-83-7574-296-1,,,"Chcę przeczytać, Posiadam"
Nieulękły,Jack Campbell,9788375742923,,,"Chcę przeczytać, Posiadam"
Statek plag,Andre Norton,8385202374,,,"Chcę przeczytać, Posiadam"
Sargassowa planeta,Andre Norton,8385202129,,,"Przeczytane, Posiadam"
Wojna skrzydlatych,Poul Anderson,8370010253,,,"Chcę przeczytać, Posiadam"
Tratwa,Stephen Baxter,9788371501074,,,"Chcę przeczytać, Posiadam"
Gwiezdny przypływ,David Brin,8385696873,,,"Chcę przeczytać, Posiadam"
Wojna wspomaganych,David Brin,8386211555,,,"Chcę przeczytać, Posiadam"
Cyberpunk 2077: Bez przypadku,Rafał Kosik,9788366178984,,,"Chcę przeczytać, Posiadam"
Masakra ludzkości,Stephen Baxter,9788381165907,,,"Chcę przeczytać, Posiadam"
Proxima,Stephen Baxter,9788382021066,,2023-09,"Przeczytane, Posiadam"
Gwiazdy jak pył,Isaac Asimov,,,2023-10,"Przeczytane, Posiadam"
Wspomnij Phlebasa,Iain Banks,,8,2023,"Przeczytane, Posiadam"
Ultima,Stephen Baxter,9788381167598,,,"Chcę przeczytać, Posiadam"
Rzadkie powietrze,Richard Morgan,,,,"Chcę przeczytać, Posiadam"
Siły rynku,Richard Morgan,,,,"Chcę przeczytać, Posiadam"
Zbudzone furie,Richard Morgan,,,,"Chcę przeczytać, Posiadam"
Ślepowidzenie,Peter Watts,9788367793346,,2023-10,"Przeczytane, Posiadam"
Rycerz Cieni,Roger Zelazny,83-207-1482-6,,,"Chcę przeczytać, Posiadam"
Książę chaosu,Roger Zelazny,9788372980199,,,"Chcę przeczytać, Posiadam"
Znak Chaosu,Roger Zelazny,8320714648,,,"Chcę przeczytać, Posiadam"
Krew Amberu,Roger Zelazny,8320714532,,,"Chcę przeczytać, Posiadam"
Atuty zguby,Roger Zelazny,83-207-1431-1,,,"Chcę przeczytać, Posiadam"
Dworce Chaosu,Roger Zelazny,83-207-1420-6,,,"Chcę przeczytać, Posiadam"
Ręka Oberona,Roger Zelazny,832071415X,,,"Chcę przeczytać, Posiadam"
Znak Jednorożca,Roger Zelazny,8320714117,,,"Chcę przeczytać, Posiadam"
Niewidzialny człowiek,Herbert George Wells,9788377314371,,,"Chcę przeczytać, Posiadam"
Śpiący przebudzony,Herbert George Wells,9788377313831,,,"Chcę przeczytać, Posiadam"
Wehikuł czasu,Herbert George Wells,9788377313794,,,"Chcę przeczytać, Posiadam"
Wyspa Doktora Moreau,Herbert George Wells,,,,"Chcę przeczytać, Posiadam"
Wojna światów,Herbert George Wells,,,,"Chcę przeczytać, Posiadam"
Najemnik,Iain Banks,,,,"Chcę przeczytać, Posiadam"
Pierścień,Larry Niven,9788381165396,,,"Chcę przeczytać, Posiadam"
Budowniczowie Pierścienia,Larry Niven,,,,"Chcę przeczytać, Posiadam"
Nagi bóg: Kampania,Peter F. Hamilton,837506002X,,2023-11-14,"Przeczytane, Posiadam"
"Widmo ""Alchemika"": Konflikt",Peter F. Hamilton,,,2023-11-10,"Przeczytane, Posiadam"
"Widmo ""Alchemika"": Konsolidacja",Peter F. Hamilton,,,2023-10,"Przeczytane, Posiadam"
Dysfunkcja rzeczywistości: Ekspansja,Peter F. Hamilton,8371509472,,2023-10,"Przeczytane, Posiadam"
Dysfunkcja rzeczywistości: Początki,Peter F. Hamilton,8371509464,,2023-10,"Przeczytane, Posiadam"
Upadek smoka,Peter F. Hamilton,9788375067194,,,"Chcę przeczytać, Posiadam"
Otchłań bez snów,Peter F. Hamilton,9788365521927,,,"Chcę przeczytać, Posiadam"
Pustka: Czas,Peter F. Hamilton,9788366065093,,,"Chcę przeczytać, Posiadam"
Pustka: Sny,Peter F. Hamilton,9788366065086,,,"Chcę przeczytać, Posiadam"
Pustka: Ewolucja,Peter F. Hamilton,9788366065109,,,"Chcę przeczytać, Posiadam"
Noc bez gwiazd,Peter F. Hamilton,9788381165402,,,"Chcę przeczytać, Posiadam"
Skylark trzeci,Edward Elmer Smith,9788375901702,,,"Chcę przeczytać, Posiadam"
Skylark w Kosmosie,Edward Elmer Smith,9788375901078,,,"Chcę przeczytać, Posiadam"
Szary Lensman,Edward Elmer Smith,9788375904055,,,"Chcę przeczytać, Posiadam"
Galaktyczny patrol,Edward Elmer Smith,9788375904024,,,"Chcę przeczytać, Posiadam"
Terro-Human. Czterodniowa planeta; Kosmiczny wiking; Planeta złomowisko,H. Beam Piper,,,,"Chcę przeczytać, Posiadam"
Lustrzany taniec,Lois McMaster Bujold,8373371427,,,"Chcę przeczytać, Posiadam"
Granice nieskończoności,Lois McMaster Bujold,8371807074,,,"Chcę przeczytać, Posiadam"
Towarzysze broni,Lois McMaster Bujold,,,,"Chcę przeczytać, Posiadam"
Ethan z planety Athos,Lois McMaster Bujold,,,,"Chcę przeczytać, Posiadam"
Cetaganda,Lois McMaster Bujold,8372556245,,,"Chcę przeczytać, Posiadam"
Gra,Lois McMaster Bujold,,,,"Chcę przeczytać, Posiadam"
Barrayar,Lois McMaster Bujold,,,,"Chcę przeczytać, Posiadam"
Strzępy honoru,Lois McMaster Bujold,8386669721,,,"Przeczytane, Posiadam"
Otchłań Rozgrzeszenia,Alastair Reynolds,9788367353045,,,"Chcę przeczytać, Posiadam"
Arka Odkupienia,Alastair Reynolds,9788367023542,,,"Chcę przeczytać, Posiadam"
Odyseja kosmiczna 3001. Finał,Arthur C. Clarke,9788383380476,,,"Chcę przeczytać, Posiadam"
Rama II,Arthur C. Clarke,9788383380490,,,"Chcę przeczytać, Posiadam"
Biada Babilonowi,Pat Frank,9788383380322,,,"Chcę przeczytać, Posiadam"
"Bill, bohater galaktyki",Harry Harrison,9788383380889,,2023-08,"Przeczytane, Posiadam"
Odyseja kosmiczna 2061,Arthur C. Clarke,9788383380469,,,"Chcę przeczytać, Posiadam"
Olśnienie,Poul Anderson,9788383380193,,2023,"Przeczytane, Posiadam"
Spotkanie z Ramą,Arthur C. Clarke,9788383380131,,,"Chcę przeczytać, Posiadam"
Odyseja kosmiczna 2010,Arthur C. Clarke,9788381886161,,,"Chcę przeczytać, Posiadam"
Koniec Wieczności,Isaac Asimov,9788381885904,,,"Chcę przeczytać, Posiadam"
Odyseja kosmiczna 2001,Arthur C. Clarke,,,,"Chcę przeczytać, Posiadam"
Opowiadania najlepsze,Philip K. Dick,9788381883375,,,"Chcę przeczytać, Posiadam"
Ziemia trwa,George R. Stewart,,,,"Chcę przeczytać, Posiadam"
Więcej niż człowiek,Theodore Sturgeon,,,,"Chcę przeczytać, Posiadam"
Kwestia sumienia,James Blish,,,,"Chcę przeczytać, Posiadam"
Człowiek do przeróbki,Alfred Bester,,,,"Chcę przeczytać, Posiadam"
My,Eugeniusz Zamiatin,9788381881630,,,"Chcę przeczytać, Posiadam"
Wieczna wojna,Joe Haldeman,,,,"Chcę przeczytać, Posiadam"
Przestrzeni! Przestrzeni!,Harry Harrison,9788380626089,,,"Chcę przeczytać, Posiadam"
Kwiaty dla Algernona,Daniel Keyes,9788380622227,,,"Chcę przeczytać, Posiadam"
Pawana,Keith Roberts,9788367353205,,,"Chcę przeczytać, Posiadam"
Urth Nowego Słońca,Gene Wolfe,9788367353052,,,"Chcę przeczytać, Posiadam"
Czekanie na smoka,John M. Ford,9788367023474,,,"Chcę przeczytać, Posiadam"
Urządzenie Centauryjskie,Michael John Harrison,9788367023153,,,"Chcę przeczytać, Posiadam"
"Trylogia Mostu: Światło wirtualne, Idoru, Wszystkie jutra",William Gibson,9788366712300,,,"Chcę przeczytać, Posiadam"
Ogień nad otchłanią,Vernor Vinge,9788366712249,,,"Chcę przeczytać, Posiadam"
Obcy w obcym kraju,Robert A. Heinlein,9788366409149,,,"Chcę przeczytać, Posiadam"
Miecz i Cytadela,Gene Wolfe,9788366409521,,,"Chcę przeczytać, Posiadam"
Triumf Endymiona,Dan Simmons,,,,"Chcę przeczytać, Posiadam"
Na fali szoku,John Brunner,,,,"Chcę przeczytać, Posiadam"
"Trylogia Ciągu: Neuromancer, Graf Zero, Mona Liza Turbo",William Gibson,9788374805407,,,"Chcę przeczytać, Posiadam"
Krainy Niesławy,Robert Anthony Salvatore,,,,"Chcę przeczytać, Posiadam, Forgotten Realms"
Bóg Imperator Diuny,Frank Herbert,,,,"Chcę przeczytać, Posiadam"
Dzieci Diuny,Frank Herbert,,,,"Chcę przeczytać, Posiadam"
Mesjasz Diuny,Frank Herbert,9788381884112,,,"Chcę przeczytać, Posiadam"
Diuna. Powieść graficzna. Księga I,Brian Herbert,,,,"Chcę przeczytać, Posiadam"
Idoru,William Gibson,,,,"Chcę przeczytać, Posiadam"
Światło wirtualne,William Gibson,9788324578900,,,"Chcę przeczytać, Posiadam"
Mona Liza Turbo,William Gibson,9788324578177,,,"Chcę przeczytać, Posiadam"
Graf  Zero,William Gibson,9788324577637,,,"Chcę przeczytać, Posiadam"
Niebiańska rzeka,Dennis E. Taylor,9788367023047,,,"Chcę przeczytać, Posiadam"
Wszystkie te światy,Dennis E. Taylor,9788366712096,,,"Chcę przeczytać, Posiadam"
Gdyż jest nas wielu,Dennis E. Taylor,9788366409187,,,"Chcę przeczytać, Posiadam"
"Nasze imię Legion, nasze imię Bob",Dennis E. Taylor,9788366409484,,,"Chcę przeczytać, Posiadam"
Klątwa Chaosu,Robert Anthony Salvatore,8374180153,,,"Chcę przeczytać, Posiadam, Forgotten Realms"
Zdobyta Forteca,Robert Anthony Salvatore,8374180145,,,"Chcę przeczytać, Posiadam, Forgotten Realms"
Nocne Maski,Robert Anthony Salvatore,8374180137,,,"Chcę przeczytać, Posiadam, Forgotten Realms"
Mroki Puszczy,Robert Anthony Salvatore,8374180129,,,"Chcę przeczytać, Posiadam, Forgotten Realms"
Kantyczka,Robert Anthony Salvatore,8374180110,,,"Chcę przeczytać, Posiadam, Forgotten Realms"
Król Orków,Robert Anthony Salvatore,9788374182324,,,"Chcę przeczytać, Posiadam, Forgotten Realms"
Dwa Miecze,Robert Anthony Salvatore,,,,"Chcę przeczytać, Posiadam, Forgotten Realms"
Samotny Drow,Robert Anthony Salvatore,,,,"Chcę przeczytać, Posiadam, Forgotten Realms"
Tysiąc orków,Robert Anthony Salvatore,9788374180559,,,"Chcę przeczytać, Posiadam, Forgotten Realms"
Morze Mieczy,Robert Anthony Salvatore,,,,"Chcę przeczytać, Posiadam, Forgotten Realms"
Grzbiet świata,Robert Anthony Salvatore,,,,"Chcę przeczytać, Posiadam, Forgotten Realms"
Bezgłośna klinga,Robert Anthony Salvatore,9788374182003,,,"Chcę przeczytać, Posiadam, Forgotten Realms"
Droga do świtu,Robert Anthony Salvatore,9788374181624,,,"Chcę przeczytać, Posiadam, Forgotten Realms"
Mroczne Oblężenie,Robert Anthony Salvatore,,,,"Chcę przeczytać, Posiadam, Forgotten Realms"
Bezgwiezdna noc,Robert Anthony Salvatore,9788374181358,,,"Chcę przeczytać, Posiadam, Forgotten Realms"
Dziedzictwo,Robert Anthony Salvatore,9788374181341,,,"Chcę przeczytać, Posiadam, Forgotten Realms"
Klejnot halflinga,Robert Anthony Salvatore,9788374181051,,,"Chcę przeczytać, Posiadam, Forgotten Realms"
Strumienie srebra,Robert Anthony Salvatore,8374181044,,,"Chcę przeczytać, Posiadam, Forgotten Realms"
Kryształowy relikt,Robert Anthony Salvatore,8374181036,,,"Chcę przeczytać, Posiadam, Forgotten Realms"
Zmartwychwstanie,Paul S. Kemp,8374180994,,,"Chcę przeczytać, Posiadam, Forgotten Realms"
Unicestwienie,Philip Athans,8374180897,,,"Chcę przeczytać, Posiadam, Forgotten Realms"
Zagłada,Lisa Smedman,8374180609,,,"Chcę przeczytać, Posiadam, Forgotten Realms"
Potępienie,Richard Baker,8374180498,,,"Chcę przeczytać, Posiadam, Forgotten Realms"
Powstanie,Thomas M. Reid,8388916831,,,"Chcę przeczytać, Posiadam, Forgotten Realms"
Upadek,Richard Lee Byers,8388916793,,,"Chcę przeczytać, Posiadam, Forgotten Realms"
Obietnica Króla-Czarnoksiężnika,Robert Anthony Salvatore,9788374181556,,,"Chcę przeczytać, Posiadam, Forgotten Realms"
Droga Patriarchy,Robert Anthony Salvatore,9788374182188,,,"Chcę przeczytać, Posiadam, Forgotten Realms"
